{"stats":{"minecraft:custom":{"minecraft:interact_with_furnace":32,"minecraft:mob_kills":21,"minecraft:interact_with_crafting_table":7,"minecraft:leave_game":4,"minecraft:time_since_death":42848,"minecraft:time_since_rest":42891,"minecraft:sprint_one_cm":90316,"minecraft:damage_taken":1453,"minecraft:walk_one_cm":98837,"minecraft:damage_blocked_by_shield":134,"minecraft:drop":11,"minecraft:damage_dealt":3434,"minecraft:fly_one_cm":108373,"minecraft:crouch_one_cm":4339,"minecraft:play_time":54863,"minecraft:deaths":3,"minecraft:sneak_time":1773,"minecraft:boat_one_cm":3824,"minecraft:jump":822,"minecraft:walk_on_water_one_cm":317,"minecraft:total_world_time":54863,"minecraft:fall_one_cm":27212},"minecraft:dropped":{"minecraft:note_block":1,"minecraft:furnace":1,"minecraft:oak_trapdoor":1,"minecraft:obsidian":1,"minecraft:rotten_flesh":1,"minecraft:comparator":1,"minecraft:flint_and_steel":1,"minecraft:dirt":1,"minecraft:redstone_torch":1,"minecraft:powered_rail":1,"minecraft:redstone":3},"minecraft:killed":{"minecraft:pig":4,"minecraft:spider":1,"minecraft:sheep":4,"minecraft:skeleton":4,"minecraft:zombie":5,"minecraft:cow":3},"minecraft:picked_up":{"minecraft:birch_log":29,"minecraft:crafting_table":3,"minecraft:leather":3,"minecraft:dirt":6,"minecraft:string":1,"minecraft:oak_trapdoor":1,"minecraft:flint_and_steel":1,"minecraft:bone":4,"minecraft:comparator":1,"minecraft:beef":8,"minecraft:redstone_torch":1,"minecraft:light_gray_wool":1,"minecraft:powered_rail":1,"minecraft:furnace":4,"minecraft:raw_iron":33,"minecraft:torch":1,"minecraft:note_block":1,"minecraft:porkchop":7,"minecraft:pointed_dripstone":3,"minecraft:redstone":3,"minecraft:arrow":1,"minecraft:rotten_flesh":3,"minecraft:mutton":7,"minecraft:obsidian":1,"minecraft:coal":63,"minecraft:white_wool":4,"minecraft:cobblestone":44},"minecraft:used":{"minecraft:cooked_mutton":1,"minecraft:stone_sword":77,"minecraft:stone_pickaxe":78,"minecraft:shield":2,"minecraft:wooden_pickaxe":38,"minecraft:torch":21,"minecraft:dirt":5,"minecraft:crafting_table":4,"minecraft:stone_axe":26,"minecraft:cobblestone":13,"minecraft:furnace":4,"minecraft:goat_horn":5,"minecraft:cooked_porkchop":4,"minecraft:cooked_beef":3},"minecraft:mined":{"minecraft:crafting_table":3,"minecraft:short_grass":5,"minecraft:grass_block":1,"minecraft:wall_torch":1,"minecraft:furnace":3,"minecraft:birch_log":29,"minecraft:iron_ore":34,"minecraft:birch_leaves":4,"minecraft:coal_ore":31,"minecraft:dirt":2,"minecraft:stone":45},"minecraft:crafted":{"minecraft:cooked_beef":9,"minecraft:cooked_porkchop":4,"minecraft:crafting_table":1,"minecraft:wooden_pickaxe":1,"minecraft:furnace":1,"minecraft:birch_planks":28,"minecraft:stone_axe":1,"minecraft:cooked_mutton":2,"minecraft:air":0,"minecraft:shield":1,"minecraft:stick":16,"minecraft:iron_ingot":11,"minecraft:iron_pickaxe":1,"minecraft:stone_pickaxe":1,"minecraft:stone_sword":1,"minecraft:white_bed":1,"minecraft:torch":20}},"DataVersion":3953}