{"stats":{"minecraft:killed":{"minecraft:spider":2,"minecraft:skeleton":10,"minecraft:drowned":1,"minecraft:pig":4,"minecraft:iron_golem":1,"minecraft:sheep":4,"minecraft:zombie":11,"minecraft:cow":3},"minecraft:custom":{"minecraft:mob_kills":38,"minecraft:interact_with_crafting_table":20,"minecraft:leave_game":4,"minecraft:time_since_death":38078,"minecraft:climb_one_cm":1992,"minecraft:sprint_one_cm":223172,"minecraft:walk_one_cm":217848,"minecraft:damage_blocked_by_shield":606,"minecraft:drop":29,"minecraft:play_time":124156,"minecraft:deaths":6,"minecraft:sneak_time":7043,"minecraft:walk_under_water_one_cm":21076,"minecraft:boat_one_cm":38239,"minecraft:jump":2344,"minecraft:walk_on_water_one_cm":14650,"minecraft:total_world_time":124156,"minecraft:interact_with_furnace":55,"minecraft:sleep_in_bed":5,"minecraft:time_since_rest":11288,"minecraft:damage_taken":2841,"minecraft:damage_dealt":7196,"minecraft:swim_one_cm":42758,"minecraft:fly_one_cm":329915,"minecraft:open_chest":22,"minecraft:crouch_one_cm":13250,"minecraft:fall_one_cm":70210},"minecraft:crafted":{"minecraft:birch_boat":1,"minecraft:furnace":1,"minecraft:cooked_mutton":7,"minecraft:diamond_helmet":1,"minecraft:iron_boots":1,"minecraft:iron_axe":1,"minecraft:stone_pickaxe":1,"minecraft:chest":2,"minecraft:diamond_boots":1,"minecraft:cooked_beef":9,"minecraft:diamond_sword":1,"minecraft:cooked_porkchop":7,"minecraft:crafting_table":2,"minecraft:wooden_pickaxe":1,"minecraft:iron_helmet":1,"minecraft:iron_sword":1,"minecraft:bucket":1,"minecraft:birch_planks":92,"minecraft:stone_axe":1,"minecraft:air":0,"minecraft:iron_chestplate":1,"minecraft:diamond_pickaxe":1,"minecraft:shield":1,"minecraft:stick":32,"minecraft:iron_ingot":35,"minecraft:iron_pickaxe":1,"minecraft:stone_sword":1,"minecraft:iron_leggings":1,"minecraft:white_bed":2,"minecraft:torch":48,"minecraft:diamond_chestplate":1},"minecraft:used":{"minecraft:stone_sword":77,"minecraft:poppy":1,"minecraft:chest":2,"minecraft:shield":18,"minecraft:iron_sword":64,"minecraft:torch":49,"minecraft:dirt":65,"minecraft:diamond_helmet":1,"minecraft:lava_bucket":1,"minecraft:iron_axe":12,"minecraft:iron_helmet":1,"minecraft:iron_boots":1,"minecraft:diamond_chestplate":1,"minecraft:magma_block":2,"minecraft:furnace":7,"minecraft:goat_horn":5,"minecraft:cooked_beef":6,"minecraft:iron_leggings":1,"minecraft:cooked_mutton":2,"minecraft:water_bucket":32,"minecraft:diamond_boots":1,"minecraft:birch_planks":10,"minecraft:gray_carpet":1,"minecraft:stone_pickaxe":84,"minecraft:birch_boat":1,"minecraft:wooden_pickaxe":38,"minecraft:crafting_table":8,"minecraft:white_bed":3,"minecraft:iron_pickaxe":26,"minecraft:stone_axe":27,"minecraft:cobblestone":28,"minecraft:cooked_porkchop":11,"minecraft:bucket":34},"minecraft:mined":{"minecraft:white_bed":2,"minecraft:deepslate_diamond_ore":13,"minecraft:brewing_stand":1,"minecraft:grass_block":1,"minecraft:cartography_table":2,"minecraft:magma_block":3,"minecraft:furnace":6,"minecraft:iron_ore":38,"minecraft:stone":45,"minecraft:crafting_table":8,"minecraft:short_grass":7,"minecraft:chest":2,"minecraft:tall_grass":1,"minecraft:wall_torch":1,"minecraft:birch_planks":3,"minecraft:birch_log":29,"minecraft:birch_leaves":7,"minecraft:coal_ore":38,"minecraft:dirt":3,"minecraft:stonecutter":1,"minecraft:oak_leaves":1},"minecraft:dropped":{"minecraft:iron_sword":2,"minecraft:diamond_leggings":1,"minecraft:iron_helmet":1,"minecraft:grass_block":1,"minecraft:stick":1,"minecraft:dirt":1,"minecraft:potion":1,"minecraft:iron_leggings":2,"minecraft:iron_axe":1,"minecraft:iron_pickaxe":1,"minecraft:redstone":3,"minecraft:note_block":1,"minecraft:furnace":1,"minecraft:oak_trapdoor":1,"minecraft:obsidian":10,"minecraft:pointed_dripstone":3,"minecraft:rotten_flesh":3,"minecraft:iron_boots":1,"minecraft:comparator":1,"minecraft:flint_and_steel":1,"minecraft:shield":1,"minecraft:iron_chestplate":1,"minecraft:redstone_torch":1,"minecraft:powered_rail":1,"minecraft:wooden_pickaxe":1},"minecraft:picked_up":{"minecraft:crafting_table":8,"minecraft:iron_chestplate":2,"minecraft:brewing_stand":1,"minecraft:shield":3,"minecraft:oak_trapdoor":1,"minecraft:string":2,"minecraft:iron_axe":3,"minecraft:flint_and_steel":1,"minecraft:iron_leggings":2,"minecraft:diamond_leggings":2,"minecraft:cartography_table":2,"minecraft:cobbled_deepslate":4,"minecraft:comparator":1,"minecraft:beef":8,"minecraft:redstone_torch":1,"minecraft:poppy":1,"minecraft:iron_pickaxe":3,"minecraft:light_gray_wool":2,"minecraft:chest":2,"minecraft:iron_boots":2,"minecraft:furnace":9,"minecraft:raw_iron":37,"minecraft:stick":7,"minecraft:torch":1,"minecraft:note_block":1,"minecraft:porkchop":7,"minecraft:pointed_dripstone":3,"minecraft:redstone":3,"minecraft:arrow":19,"minecraft:rotten_flesh":8,"minecraft:mutton":13,"minecraft:obsidian":10,"minecraft:white_wool":8,"minecraft:cobblestone":108,"minecraft:birch_log":49,"minecraft:magma_block":3,"minecraft:cooked_beef":6,"minecraft:glow_ink_sac":1,"minecraft:water_bucket":2,"minecraft:leather":3,"minecraft:birch_planks":46,"minecraft:map":10,"minecraft:dirt":65,"minecraft:paper":5,"minecraft:cooked_mutton":10,"minecraft:bone":11,"minecraft:gray_carpet":1,"minecraft:stonecutter":1,"minecraft:bow":1,"minecraft:iron_ingot":6,"minecraft:powered_rail":1,"minecraft:iron_sword":3,"minecraft:cooked_porkchop":8,"minecraft:birch_boat":3,"minecraft:white_bed":2,"minecraft:grass_block":1,"minecraft:diamond":24,"minecraft:iron_helmet":2,"minecraft:bread":4,"minecraft:coal":105},"minecraft:killed_by":{"minecraft:player":1}},"DataVersion":3953}