{"stats":{"minecraft:killed":{"minecraft:pig":4,"minecraft:spider":1,"minecraft:iron_golem":1,"minecraft:skeleton":4,"minecraft:sheep":4,"minecraft:zombie":6,"minecraft:cow":3},"minecraft:custom":{"minecraft:interact_with_furnace":52,"minecraft:mob_kills":23,"minecraft:interact_with_crafting_table":15,"minecraft:leave_game":4,"minecraft:time_since_death":528,"minecraft:sleep_in_bed":2,"minecraft:climb_one_cm":921,"minecraft:time_since_rest":571,"minecraft:sprint_one_cm":143772,"minecraft:damage_taken":1948,"minecraft:walk_one_cm":141448,"minecraft:damage_blocked_by_shield":224,"minecraft:drop":14,"minecraft:damage_dealt":4355,"minecraft:swim_one_cm":1943,"minecraft:fly_one_cm":200706,"minecraft:open_chest":7,"minecraft:crouch_one_cm":5059,"minecraft:play_time":82156,"minecraft:deaths":4,"minecraft:sneak_time":2480,"minecraft:walk_under_water_one_cm":5606,"minecraft:boat_one_cm":38239,"minecraft:jump":1407,"minecraft:walk_on_water_one_cm":2120,"minecraft:total_world_time":82156,"minecraft:fall_one_cm":41692},"minecraft:crafted":{"minecraft:cooked_beef":9,"minecraft:cooked_porkchop":7,"minecraft:crafting_table":1,"minecraft:iron_helmet":1,"minecraft:birch_boat":1,"minecraft:wooden_pickaxe":1,"minecraft:iron_sword":1,"minecraft:furnace":1,"minecraft:bucket":1,"minecraft:birch_planks":76,"minecraft:stone_axe":1,"minecraft:cooked_mutton":7,"minecraft:air":0,"minecraft:iron_boots":1,"minecraft:iron_chestplate":1,"minecraft:shield":1,"minecraft:iron_axe":1,"minecraft:stick":20,"minecraft:iron_ingot":35,"minecraft:iron_pickaxe":1,"minecraft:stone_pickaxe":1,"minecraft:stone_sword":1,"minecraft:chest":2,"minecraft:iron_leggings":1,"minecraft:white_bed":1,"minecraft:torch":20},"minecraft:used":{"minecraft:cooked_mutton":2,"minecraft:water_bucket":12,"minecraft:stone_sword":77,"minecraft:birch_planks":10,"minecraft:stone_pickaxe":84,"minecraft:poppy":1,"minecraft:chest":2,"minecraft:wooden_pickaxe":38,"minecraft:birch_boat":1,"minecraft:shield":3,"minecraft:iron_sword":12,"minecraft:torch":21,"minecraft:dirt":5,"minecraft:crafting_table":7,"minecraft:white_bed":2,"minecraft:iron_axe":10,"minecraft:iron_pickaxe":3,"minecraft:iron_helmet":1,"minecraft:iron_boots":1,"minecraft:stone_axe":27,"minecraft:cobblestone":28,"minecraft:goat_horn":5,"minecraft:furnace":7,"minecraft:cooked_porkchop":4,"minecraft:bucket":13,"minecraft:cooked_beef":6},"minecraft:mined":{"minecraft:white_bed":1,"minecraft:brewing_stand":1,"minecraft:crafting_table":6,"minecraft:short_grass":6,"minecraft:grass_block":1,"minecraft:chest":2,"minecraft:tall_grass":1,"minecraft:cartography_table":2,"minecraft:wall_torch":1,"minecraft:birch_planks":3,"minecraft:furnace":6,"minecraft:birch_log":29,"minecraft:iron_ore":38,"minecraft:birch_leaves":7,"minecraft:coal_ore":31,"minecraft:dirt":2,"minecraft:stonecutter":1,"minecraft:stone":45},"minecraft:dropped":{"minecraft:note_block":1,"minecraft:furnace":1,"minecraft:oak_trapdoor":1,"minecraft:pointed_dripstone":3,"minecraft:obsidian":1,"minecraft:rotten_flesh":3,"minecraft:comparator":1,"minecraft:flint_and_steel":1,"minecraft:dirt":1,"minecraft:redstone_torch":1,"minecraft:powered_rail":1,"minecraft:wooden_pickaxe":1,"minecraft:redstone":3},"minecraft:picked_up":{"minecraft:birch_log":39,"minecraft:iron_chestplate":1,"minecraft:crafting_table":6,"minecraft:cooked_beef":3,"minecraft:water_bucket":1,"minecraft:leather":3,"minecraft:birch_planks":25,"minecraft:brewing_stand":1,"minecraft:shield":1,"minecraft:dirt":6,"minecraft:map":10,"minecraft:string":1,"minecraft:oak_trapdoor":1,"minecraft:paper":5,"minecraft:iron_axe":1,"minecraft:flint_and_steel":1,"minecraft:iron_leggings":1,"minecraft:cooked_mutton":5,"minecraft:bone":4,"minecraft:stonecutter":1,"minecraft:cartography_table":2,"minecraft:comparator":1,"minecraft:iron_ingot":6,"minecraft:beef":8,"minecraft:redstone_torch":1,"minecraft:iron_pickaxe":1,"minecraft:poppy":1,"minecraft:light_gray_wool":2,"minecraft:powered_rail":1,"minecraft:iron_sword":1,"minecraft:chest":2,"minecraft:iron_boots":1,"minecraft:furnace":7,"minecraft:stick":7,"minecraft:raw_iron":37,"minecraft:cooked_porkchop":3,"minecraft:birch_boat":2,"minecraft:torch":1,"minecraft:note_block":1,"minecraft:porkchop":7,"minecraft:pointed_dripstone":3,"minecraft:white_bed":1,"minecraft:redstone":3,"minecraft:arrow":2,"minecraft:rotten_flesh":3,"minecraft:iron_helmet":1,"minecraft:bread":4,"minecraft:obsidian":1,"minecraft:mutton":7,"minecraft:coal":98,"minecraft:white_wool":4,"minecraft:cobblestone":44},"minecraft:killed_by":{"minecraft:player":1}},"DataVersion":3953}