{"stats":{"minecraft:custom":{"minecraft:interact_with_furnace":48,"minecraft:mob_kills":21,"minecraft:interact_with_crafting_table":13,"minecraft:leave_game":4,"minecraft:time_since_death":54848,"minecraft:sleep_in_bed":1,"minecraft:time_since_rest":2218,"minecraft:sprint_one_cm":111459,"minecraft:damage_taken":1487,"minecraft:walk_one_cm":113531,"minecraft:damage_blocked_by_shield":134,"minecraft:drop":14,"minecraft:damage_dealt":3434,"minecraft:fly_one_cm":136542,"minecraft:crouch_one_cm":4552,"minecraft:play_time":66863,"minecraft:deaths":3,"minecraft:sneak_time":1914,"minecraft:walk_under_water_one_cm":818,"minecraft:boat_one_cm":3824,"minecraft:jump":1059,"minecraft:walk_on_water_one_cm":504,"minecraft:total_world_time":66863,"minecraft:fall_one_cm":32625},"minecraft:dropped":{"minecraft:note_block":1,"minecraft:furnace":1,"minecraft:oak_trapdoor":1,"minecraft:pointed_dripstone":3,"minecraft:obsidian":1,"minecraft:rotten_flesh":3,"minecraft:comparator":1,"minecraft:flint_and_steel":1,"minecraft:dirt":1,"minecraft:redstone_torch":1,"minecraft:powered_rail":1,"minecraft:wooden_pickaxe":1,"minecraft:redstone":3},"minecraft:killed":{"minecraft:pig":4,"minecraft:spider":1,"minecraft:sheep":4,"minecraft:skeleton":4,"minecraft:zombie":5,"minecraft:cow":3},"minecraft:picked_up":{"minecraft:birch_log":29,"minecraft:crafting_table":5,"minecraft:leather":3,"minecraft:dirt":6,"minecraft:string":1,"minecraft:oak_trapdoor":1,"minecraft:flint_and_steel":1,"minecraft:bone":4,"minecraft:comparator":1,"minecraft:iron_ingot":1,"minecraft:beef":8,"minecraft:redstone_torch":1,"minecraft:light_gray_wool":1,"minecraft:powered_rail":1,"minecraft:furnace":7,"minecraft:raw_iron":37,"minecraft:torch":1,"minecraft:note_block":1,"minecraft:porkchop":7,"minecraft:pointed_dripstone":3,"minecraft:white_bed":1,"minecraft:redstone":3,"minecraft:arrow":1,"minecraft:rotten_flesh":3,"minecraft:mutton":7,"minecraft:obsidian":1,"minecraft:coal":98,"minecraft:white_wool":4,"minecraft:cobblestone":44},"minecraft:used":{"minecraft:cooked_mutton":2,"minecraft:water_bucket":4,"minecraft:stone_sword":77,"minecraft:stone_pickaxe":84,"minecraft:shield":2,"minecraft:wooden_pickaxe":38,"minecraft:torch":21,"minecraft:dirt":5,"minecraft:crafting_table":5,"minecraft:white_bed":1,"minecraft:iron_axe":1,"minecraft:iron_pickaxe":1,"minecraft:iron_helmet":1,"minecraft:iron_boots":1,"minecraft:stone_axe":27,"minecraft:cobblestone":21,"minecraft:furnace":5,"minecraft:goat_horn":5,"minecraft:cooked_porkchop":4,"minecraft:bucket":5,"minecraft:cooked_beef":3},"minecraft:mined":{"minecraft:white_bed":1,"minecraft:crafting_table":5,"minecraft:short_grass":5,"minecraft:grass_block":1,"minecraft:wall_torch":1,"minecraft:furnace":6,"minecraft:birch_log":29,"minecraft:iron_ore":38,"minecraft:birch_leaves":7,"minecraft:coal_ore":31,"minecraft:dirt":2,"minecraft:stone":45},"minecraft:crafted":{"minecraft:cooked_beef":9,"minecraft:cooked_porkchop":4,"minecraft:crafting_table":1,"minecraft:iron_helmet":1,"minecraft:wooden_pickaxe":1,"minecraft:iron_sword":1,"minecraft:furnace":1,"minecraft:bucket":1,"minecraft:birch_planks":28,"minecraft:stone_axe":1,"minecraft:cooked_mutton":2,"minecraft:air":0,"minecraft:iron_boots":1,"minecraft:iron_chestplate":1,"minecraft:shield":1,"minecraft:iron_axe":1,"minecraft:stick":20,"minecraft:iron_ingot":35,"minecraft:iron_pickaxe":1,"minecraft:stone_pickaxe":1,"minecraft:stone_sword":1,"minecraft:iron_leggings":1,"minecraft:white_bed":1,"minecraft:torch":20}},"DataVersion":3953}