{"stats":{"minecraft:killed":{"minecraft:pig":4,"minecraft:spider":1,"minecraft:iron_golem":1,"minecraft:skeleton":5,"minecraft:sheep":4,"minecraft:zombie":7,"minecraft:drowned":1,"minecraft:cow":3},"minecraft:custom":{"minecraft:interact_with_furnace":55,"minecraft:mob_kills":26,"minecraft:interact_with_crafting_table":15,"minecraft:leave_game":4,"minecraft:time_since_death":8078,"minecraft:sleep_in_bed":4,"minecraft:climb_one_cm":1789,"minecraft:time_since_rest":3325,"minecraft:sprint_one_cm":165140,"minecraft:damage_taken":2594,"minecraft:walk_one_cm":158724,"minecraft:damage_blocked_by_shield":249,"minecraft:drop":18,"minecraft:damage_dealt":5015,"minecraft:swim_one_cm":10006,"minecraft:fly_one_cm":241442,"minecraft:open_chest":18,"minecraft:crouch_one_cm":6674,"minecraft:play_time":94156,"minecraft:deaths":6,"minecraft:sneak_time":3490,"minecraft:walk_under_water_one_cm":10076,"minecraft:boat_one_cm":38239,"minecraft:jump":1623,"minecraft:walk_on_water_one_cm":5994,"minecraft:total_world_time":94156,"minecraft:fall_one_cm":53897},"minecraft:crafted":{"minecraft:cooked_beef":9,"minecraft:cooked_porkchop":7,"minecraft:crafting_table":1,"minecraft:iron_helmet":1,"minecraft:birch_boat":1,"minecraft:wooden_pickaxe":1,"minecraft:iron_sword":1,"minecraft:furnace":1,"minecraft:bucket":1,"minecraft:birch_planks":80,"minecraft:stone_axe":1,"minecraft:cooked_mutton":7,"minecraft:air":0,"minecraft:iron_boots":1,"minecraft:iron_chestplate":1,"minecraft:shield":1,"minecraft:iron_axe":1,"minecraft:stick":28,"minecraft:iron_ingot":35,"minecraft:iron_pickaxe":1,"minecraft:stone_pickaxe":1,"minecraft:stone_sword":1,"minecraft:chest":2,"minecraft:iron_leggings":1,"minecraft:white_bed":1,"minecraft:torch":48},"minecraft:used":{"minecraft:cooked_mutton":2,"minecraft:water_bucket":21,"minecraft:stone_sword":77,"minecraft:birch_planks":10,"minecraft:stone_pickaxe":84,"minecraft:poppy":1,"minecraft:chest":2,"minecraft:wooden_pickaxe":38,"minecraft:birch_boat":1,"minecraft:shield":4,"minecraft:iron_sword":25,"minecraft:torch":22,"minecraft:dirt":12,"minecraft:crafting_table":7,"minecraft:white_bed":2,"minecraft:iron_axe":10,"minecraft:iron_pickaxe":12,"minecraft:iron_helmet":1,"minecraft:iron_boots":1,"minecraft:stone_axe":27,"minecraft:magma_block":1,"minecraft:cobblestone":28,"minecraft:goat_horn":5,"minecraft:furnace":7,"minecraft:cooked_porkchop":5,"minecraft:bucket":22,"minecraft:cooked_beef":6},"minecraft:mined":{"minecraft:white_bed":1,"minecraft:brewing_stand":1,"minecraft:crafting_table":6,"minecraft:short_grass":7,"minecraft:grass_block":1,"minecraft:chest":2,"minecraft:tall_grass":1,"minecraft:cartography_table":2,"minecraft:wall_torch":1,"minecraft:birch_planks":3,"minecraft:magma_block":2,"minecraft:furnace":6,"minecraft:birch_log":29,"minecraft:iron_ore":38,"minecraft:birch_leaves":7,"minecraft:coal_ore":38,"minecraft:dirt":2,"minecraft:stonecutter":1,"minecraft:stone":45,"minecraft:oak_leaves":1},"minecraft:dropped":{"minecraft:note_block":1,"minecraft:furnace":1,"minecraft:oak_trapdoor":1,"minecraft:pointed_dripstone":3,"minecraft:obsidian":10,"minecraft:rotten_flesh":3,"minecraft:comparator":1,"minecraft:grass_block":1,"minecraft:flint_and_steel":1,"minecraft:dirt":1,"minecraft:shield":1,"minecraft:redstone_torch":1,"minecraft:iron_axe":1,"minecraft:powered_rail":1,"minecraft:wooden_pickaxe":1,"minecraft:redstone":3},"minecraft:picked_up":{"minecraft:birch_log":49,"minecraft:magma_block":2,"minecraft:iron_chestplate":2,"minecraft:crafting_table":6,"minecraft:cooked_beef":6,"minecraft:water_bucket":2,"minecraft:leather":3,"minecraft:birch_planks":46,"minecraft:brewing_stand":1,"minecraft:shield":3,"minecraft:dirt":65,"minecraft:map":10,"minecraft:string":1,"minecraft:oak_trapdoor":1,"minecraft:paper":5,"minecraft:iron_axe":3,"minecraft:flint_and_steel":1,"minecraft:iron_leggings":2,"minecraft:cooked_mutton":10,"minecraft:bone":4,"minecraft:stonecutter":1,"minecraft:cartography_table":2,"minecraft:comparator":1,"minecraft:iron_ingot":6,"minecraft:beef":8,"minecraft:redstone_torch":1,"minecraft:iron_pickaxe":2,"minecraft:poppy":1,"minecraft:light_gray_wool":2,"minecraft:powered_rail":1,"minecraft:iron_sword":2,"minecraft:chest":2,"minecraft:iron_boots":2,"minecraft:furnace":9,"minecraft:stick":7,"minecraft:raw_iron":37,"minecraft:cooked_porkchop":8,"minecraft:birch_boat":3,"minecraft:torch":1,"minecraft:note_block":1,"minecraft:porkchop":7,"minecraft:pointed_dripstone":3,"minecraft:white_bed":1,"minecraft:grass_block":1,"minecraft:redstone":3,"minecraft:arrow":14,"minecraft:rotten_flesh":3,"minecraft:iron_helmet":2,"minecraft:bread":4,"minecraft:obsidian":10,"minecraft:mutton":13,"minecraft:coal":105,"minecraft:white_wool":8,"minecraft:cobblestone":108},"minecraft:killed_by":{"minecraft:player":1}},"DataVersion":3953}