{"stats":{"minecraft:killed":{"minecraft:spider":2,"minecraft:skeleton":13,"minecraft:drowned":1,"minecraft:pig":4,"minecraft:iron_golem":1,"minecraft:sheep":4,"minecraft:zombie":16,"minecraft:cow":3},"minecraft:custom":{"minecraft:mob_kills":47,"minecraft:interact_with_crafting_table":20,"minecraft:leave_game":4,"minecraft:time_since_death":50078,"minecraft:climb_one_cm":2224,"minecraft:sprint_one_cm":242248,"minecraft:walk_one_cm":237651,"minecraft:damage_blocked_by_shield":636,"minecraft:drop":30,"minecraft:play_noteblock":3,"minecraft:play_time":136156,"minecraft:deaths":6,"minecraft:sneak_time":7337,"minecraft:walk_under_water_one_cm":26134,"minecraft:boat_one_cm":38239,"minecraft:jump":2648,"minecraft:walk_on_water_one_cm":16072,"minecraft:total_world_time":136156,"minecraft:interact_with_furnace":55,"minecraft:sleep_in_bed":6,"minecraft:time_since_rest":10053,"minecraft:damage_taken":3045,"minecraft:damage_dealt":8987,"minecraft:swim_one_cm":42758,"minecraft:fly_one_cm":362067,"minecraft:open_chest":22,"minecraft:crouch_one_cm":13419,"minecraft:fall_one_cm":76979},"minecraft:crafted":{"minecraft:birch_boat":1,"minecraft:furnace":1,"minecraft:cooked_mutton":7,"minecraft:diamond_helmet":1,"minecraft:iron_boots":1,"minecraft:iron_axe":1,"minecraft:stone_pickaxe":1,"minecraft:chest":2,"minecraft:diamond_boots":1,"minecraft:cooked_beef":9,"minecraft:diamond_sword":1,"minecraft:cooked_porkchop":7,"minecraft:crafting_table":2,"minecraft:wooden_pickaxe":1,"minecraft:iron_helmet":1,"minecraft:iron_sword":1,"minecraft:bucket":1,"minecraft:birch_planks":116,"minecraft:stone_axe":1,"minecraft:air":0,"minecraft:iron_chestplate":1,"minecraft:diamond_pickaxe":1,"minecraft:shield":1,"minecraft:stick":32,"minecraft:iron_ingot":35,"minecraft:iron_pickaxe":1,"minecraft:stone_sword":1,"minecraft:iron_leggings":1,"minecraft:white_bed":2,"minecraft:torch":48,"minecraft:diamond_chestplate":1},"minecraft:used":{"minecraft:stone_sword":77,"minecraft:poppy":1,"minecraft:chest":2,"minecraft:shield":19,"minecraft:iron_sword":64,"minecraft:torch":49,"minecraft:dirt":69,"minecraft:diamond_helmet":1,"minecraft:tuff":1,"minecraft:lava_bucket":1,"minecraft:iron_axe":14,"minecraft:iron_helmet":1,"minecraft:iron_boots":1,"minecraft:diamond_chestplate":1,"minecraft:magma_block":2,"minecraft:furnace":7,"minecraft:goat_horn":5,"minecraft:cooked_beef":6,"minecraft:cobbled_deepslate":38,"minecraft:iron_leggings":1,"minecraft:cooked_mutton":5,"minecraft:water_bucket":32,"minecraft:diorite":5,"minecraft:diamond_boots":1,"minecraft:birch_planks":37,"minecraft:gray_carpet":1,"minecraft:stone_pickaxe":84,"minecraft:birch_boat":1,"minecraft:wooden_pickaxe":38,"minecraft:crafting_table":8,"minecraft:white_bed":4,"minecraft:diamond_pickaxe":102,"minecraft:iron_pickaxe":26,"minecraft:gravel":4,"minecraft:stone_axe":27,"minecraft:diamond_sword":28,"minecraft:cobblestone":44,"minecraft:cooked_porkchop":11,"minecraft:andesite":15,"minecraft:bucket":34,"minecraft:experience_bottle":6,"minecraft:soul_torch":18},"minecraft:mined":{"minecraft:tuff":5,"minecraft:white_bed":3,"minecraft:deepslate_diamond_ore":13,"minecraft:brewing_stand":1,"minecraft:granite":11,"minecraft:grass_block":1,"minecraft:moss_block":2,"minecraft:cartography_table":2,"minecraft:magma_block":3,"minecraft:furnace":6,"minecraft:iron_ore":38,"minecraft:andesite":16,"minecraft:deepslate_iron_ore":2,"minecraft:stone":63,"minecraft:soul_wall_torch":2,"minecraft:flowering_azalea":1,"minecraft:soul_torch":16,"minecraft:clay":4,"minecraft:crafting_table":8,"minecraft:note_block":2,"minecraft:short_grass":7,"minecraft:chest":2,"minecraft:copper_ore":2,"minecraft:tall_grass":2,"minecraft:diorite":5,"minecraft:wall_torch":1,"minecraft:birch_planks":3,"minecraft:birch_log":29,"minecraft:birch_leaves":7,"minecraft:coal_ore":38,"minecraft:gravel":5,"minecraft:dirt":3,"minecraft:stonecutter":1,"minecraft:oak_leaves":1,"minecraft:deepslate":33},"minecraft:dropped":{"minecraft:iron_sword":2,"minecraft:diamond_leggings":1,"minecraft:iron_helmet":1,"minecraft:grass_block":1,"minecraft:stick":1,"minecraft:dirt":1,"minecraft:potion":1,"minecraft:iron_leggings":2,"minecraft:iron_axe":1,"minecraft:iron_pickaxe":1,"minecraft:redstone":3,"minecraft:gravel":4,"minecraft:note_block":1,"minecraft:furnace":1,"minecraft:oak_trapdoor":1,"minecraft:obsidian":10,"minecraft:pointed_dripstone":3,"minecraft:rotten_flesh":3,"minecraft:iron_boots":1,"minecraft:comparator":1,"minecraft:flint_and_steel":1,"minecraft:shield":1,"minecraft:iron_chestplate":1,"minecraft:redstone_torch":1,"minecraft:powered_rail":1,"minecraft:wooden_pickaxe":1},"minecraft:picked_up":{"minecraft:crafting_table":8,"minecraft:iron_chestplate":2,"minecraft:brewing_stand":1,"minecraft:shield":3,"minecraft:oak_trapdoor":1,"minecraft:string":2,"minecraft:raw_copper":6,"minecraft:iron_axe":3,"minecraft:flint_and_steel":1,"minecraft:iron_leggings":2,"minecraft:diamond_leggings":2,"minecraft:cartography_table":2,"minecraft:cobbled_deepslate":38,"minecraft:comparator":1,"minecraft:beef":8,"minecraft:redstone_torch":1,"minecraft:poppy":1,"minecraft:iron_pickaxe":3,"minecraft:light_gray_wool":2,"minecraft:chest":2,"minecraft:iron_boots":2,"minecraft:furnace":9,"minecraft:raw_iron":38,"minecraft:stick":7,"minecraft:torch":1,"minecraft:note_block":3,"minecraft:porkchop":7,"minecraft:pointed_dripstone":3,"minecraft:diorite":5,"minecraft:redstone":3,"minecraft:arrow":24,"minecraft:rotten_flesh":8,"minecraft:mutton":13,"minecraft:obsidian":10,"minecraft:white_wool":8,"minecraft:cobblestone":124,"minecraft:birch_log":49,"minecraft:magma_block":3,"minecraft:cooked_beef":6,"minecraft:glow_ink_sac":1,"minecraft:water_bucket":2,"minecraft:andesite":15,"minecraft:leather":3,"minecraft:birch_planks":46,"minecraft:flint":1,"minecraft:tuff":7,"minecraft:map":10,"minecraft:dirt":65,"minecraft:paper":5,"minecraft:cooked_mutton":10,"minecraft:bone":11,"minecraft:gray_carpet":1,"minecraft:stonecutter":1,"minecraft:bow":1,"minecraft:iron_ingot":6,"minecraft:powered_rail":1,"minecraft:iron_sword":3,"minecraft:cooked_porkchop":8,"minecraft:birch_boat":3,"minecraft:gravel":10,"minecraft:soul_torch":18,"minecraft:white_bed":3,"minecraft:grass_block":1,"minecraft:diamond":24,"minecraft:iron_helmet":2,"minecraft:bread":4,"minecraft:coal":105},"minecraft:killed_by":{"minecraft:player":1}},"DataVersion":3953}