{"stats":{"minecraft:custom":{"minecraft:interact_with_furnace":24,"minecraft:mob_kills":19,"minecraft:interact_with_crafting_table":6,"minecraft:leave_game":4,"minecraft:time_since_death":35021,"minecraft:time_since_rest":35064,"minecraft:sprint_one_cm":80915,"minecraft:damage_taken":1358,"minecraft:walk_one_cm":84032,"minecraft:drop":11,"minecraft:damage_dealt":2853,"minecraft:fly_one_cm":88273,"minecraft:crouch_one_cm":3738,"minecraft:play_time":47036,"minecraft:deaths":3,"minecraft:sneak_time":1482,"minecraft:boat_one_cm":3824,"minecraft:jump":666,"minecraft:total_world_time":47036,"minecraft:fall_one_cm":22670},"minecraft:dropped":{"minecraft:note_block":1,"minecraft:furnace":1,"minecraft:oak_trapdoor":1,"minecraft:obsidian":1,"minecraft:rotten_flesh":1,"minecraft:comparator":1,"minecraft:flint_and_steel":1,"minecraft:dirt":1,"minecraft:redstone_torch":1,"minecraft:powered_rail":1,"minecraft:redstone":3},"minecraft:killed":{"minecraft:pig":4,"minecraft:spider":1,"minecraft:sheep":4,"minecraft:skeleton":4,"minecraft:zombie":3,"minecraft:cow":3},"minecraft:picked_up":{"minecraft:birch_log":29,"minecraft:crafting_table":2,"minecraft:leather":3,"minecraft:dirt":6,"minecraft:string":1,"minecraft:oak_trapdoor":1,"minecraft:flint_and_steel":1,"minecraft:bone":4,"minecraft:comparator":1,"minecraft:beef":8,"minecraft:redstone_torch":1,"minecraft:light_gray_wool":1,"minecraft:powered_rail":1,"minecraft:furnace":3,"minecraft:raw_iron":12,"minecraft:torch":1,"minecraft:note_block":1,"minecraft:porkchop":7,"minecraft:pointed_dripstone":3,"minecraft:redstone":3,"minecraft:arrow":1,"minecraft:rotten_flesh":1,"minecraft:mutton":7,"minecraft:obsidian":1,"minecraft:coal":52,"minecraft:white_wool":4,"minecraft:cobblestone":44},"minecraft:used":{"minecraft:stone_sword":64,"minecraft:stone_pickaxe":45,"minecraft:wooden_pickaxe":38,"minecraft:torch":15,"minecraft:dirt":5,"minecraft:crafting_table":3,"minecraft:stone_axe":25,"minecraft:cobblestone":3,"minecraft:goat_horn":5,"minecraft:furnace":2,"minecraft:cooked_porkchop":4,"minecraft:cooked_beef":2},"minecraft:mined":{"minecraft:crafting_table":2,"minecraft:short_grass":5,"minecraft:grass_block":1,"minecraft:wall_torch":1,"minecraft:furnace":2,"minecraft:birch_log":29,"minecraft:iron_ore":13,"minecraft:birch_leaves":4,"minecraft:coal_ore":20,"minecraft:dirt":2,"minecraft:stone":45},"minecraft:crafted":{"minecraft:cooked_beef":9,"minecraft:cooked_porkchop":4,"minecraft:crafting_table":1,"minecraft:wooden_pickaxe":1,"minecraft:furnace":1,"minecraft:birch_planks":28,"minecraft:stone_axe":1,"minecraft:cooked_mutton":2,"minecraft:air":0,"minecraft:shield":1,"minecraft:stick":16,"minecraft:iron_ingot":3,"minecraft:stone_pickaxe":1,"minecraft:stone_sword":1,"minecraft:white_bed":1,"minecraft:torch":20}},"DataVersion":3953}