{"stats":{"minecraft:killed":{"minecraft:pig":4,"minecraft:spider":2,"minecraft:iron_golem":1,"minecraft:skeleton":8,"minecraft:sheep":4,"minecraft:zombie":9,"minecraft:drowned":1,"minecraft:cow":3},"minecraft:custom":{"minecraft:interact_with_furnace":55,"minecraft:mob_kills":34,"minecraft:interact_with_crafting_table":15,"minecraft:leave_game":4,"minecraft:time_since_death":20078,"minecraft:sleep_in_bed":4,"minecraft:climb_one_cm":1789,"minecraft:time_since_rest":15325,"minecraft:sprint_one_cm":189080,"minecraft:damage_taken":2765,"minecraft:walk_one_cm":192318,"minecraft:damage_blocked_by_shield":536,"minecraft:drop":18,"minecraft:damage_dealt":6508,"minecraft:swim_one_cm":37890,"minecraft:fly_one_cm":265638,"minecraft:open_chest":18,"minecraft:crouch_one_cm":8521,"minecraft:play_time":106156,"minecraft:deaths":6,"minecraft:sneak_time":5065,"minecraft:walk_under_water_one_cm":15572,"minecraft:boat_one_cm":38239,"minecraft:jump":1936,"minecraft:walk_on_water_one_cm":8101,"minecraft:total_world_time":106156,"minecraft:fall_one_cm":60196},"minecraft:crafted":{"minecraft:cooked_beef":9,"minecraft:cooked_porkchop":7,"minecraft:crafting_table":1,"minecraft:iron_helmet":1,"minecraft:birch_boat":1,"minecraft:wooden_pickaxe":1,"minecraft:iron_sword":1,"minecraft:furnace":1,"minecraft:bucket":1,"minecraft:birch_planks":80,"minecraft:stone_axe":1,"minecraft:cooked_mutton":7,"minecraft:air":0,"minecraft:iron_boots":1,"minecraft:iron_chestplate":1,"minecraft:shield":1,"minecraft:iron_axe":1,"minecraft:stick":28,"minecraft:iron_ingot":35,"minecraft:iron_pickaxe":1,"minecraft:stone_pickaxe":1,"minecraft:stone_sword":1,"minecraft:chest":2,"minecraft:iron_leggings":1,"minecraft:white_bed":1,"minecraft:torch":48},"minecraft:used":{"minecraft:cooked_mutton":2,"minecraft:water_bucket":28,"minecraft:stone_sword":77,"minecraft:birch_planks":10,"minecraft:stone_pickaxe":84,"minecraft:poppy":1,"minecraft:chest":2,"minecraft:wooden_pickaxe":38,"minecraft:birch_boat":1,"minecraft:shield":15,"minecraft:iron_sword":52,"minecraft:torch":42,"minecraft:dirt":32,"minecraft:crafting_table":7,"minecraft:white_bed":2,"minecraft:iron_axe":10,"minecraft:iron_pickaxe":16,"minecraft:iron_helmet":1,"minecraft:iron_boots":1,"minecraft:stone_axe":27,"minecraft:magma_block":2,"minecraft:cobblestone":28,"minecraft:goat_horn":5,"minecraft:furnace":7,"minecraft:cooked_porkchop":8,"minecraft:bucket":29,"minecraft:cooked_beef":6},"minecraft:mined":{"minecraft:white_bed":1,"minecraft:deepslate_diamond_ore":3,"minecraft:brewing_stand":1,"minecraft:crafting_table":6,"minecraft:short_grass":7,"minecraft:grass_block":1,"minecraft:chest":2,"minecraft:tall_grass":1,"minecraft:cartography_table":2,"minecraft:wall_torch":1,"minecraft:birch_planks":3,"minecraft:magma_block":3,"minecraft:furnace":6,"minecraft:birch_log":29,"minecraft:iron_ore":38,"minecraft:birch_leaves":7,"minecraft:coal_ore":38,"minecraft:dirt":2,"minecraft:stonecutter":1,"minecraft:stone":45,"minecraft:oak_leaves":1},"minecraft:dropped":{"minecraft:note_block":1,"minecraft:furnace":1,"minecraft:oak_trapdoor":1,"minecraft:pointed_dripstone":3,"minecraft:obsidian":10,"minecraft:rotten_flesh":3,"minecraft:comparator":1,"minecraft:grass_block":1,"minecraft:flint_and_steel":1,"minecraft:dirt":1,"minecraft:shield":1,"minecraft:redstone_torch":1,"minecraft:iron_axe":1,"minecraft:powered_rail":1,"minecraft:wooden_pickaxe":1,"minecraft:redstone":3},"minecraft:picked_up":{"minecraft:birch_log":49,"minecraft:magma_block":3,"minecraft:iron_chestplate":2,"minecraft:crafting_table":6,"minecraft:cooked_beef":6,"minecraft:water_bucket":2,"minecraft:leather":3,"minecraft:birch_planks":46,"minecraft:brewing_stand":1,"minecraft:shield":3,"minecraft:dirt":65,"minecraft:map":10,"minecraft:string":2,"minecraft:oak_trapdoor":1,"minecraft:paper":5,"minecraft:iron_axe":3,"minecraft:flint_and_steel":1,"minecraft:iron_leggings":2,"minecraft:cooked_mutton":10,"minecraft:bone":11,"minecraft:stonecutter":1,"minecraft:cartography_table":2,"minecraft:cobbled_deepslate":4,"minecraft:comparator":1,"minecraft:iron_ingot":6,"minecraft:beef":8,"minecraft:redstone_torch":1,"minecraft:iron_pickaxe":2,"minecraft:poppy":1,"minecraft:light_gray_wool":2,"minecraft:powered_rail":1,"minecraft:iron_sword":2,"minecraft:chest":2,"minecraft:iron_boots":2,"minecraft:furnace":9,"minecraft:stick":7,"minecraft:raw_iron":37,"minecraft:cooked_porkchop":8,"minecraft:birch_boat":3,"minecraft:torch":1,"minecraft:note_block":1,"minecraft:porkchop":7,"minecraft:pointed_dripstone":3,"minecraft:white_bed":1,"minecraft:grass_block":1,"minecraft:redstone":3,"minecraft:diamond":3,"minecraft:arrow":16,"minecraft:rotten_flesh":6,"minecraft:iron_helmet":2,"minecraft:bread":4,"minecraft:obsidian":10,"minecraft:mutton":13,"minecraft:coal":105,"minecraft:white_wool":8,"minecraft:cobblestone":108},"minecraft:killed_by":{"minecraft:player":1}},"DataVersion":3953}