{"stats":{"minecraft:killed":{"minecraft:spider":2,"minecraft:skeleton":13,"minecraft:drowned":1,"minecraft:pig":4,"minecraft:iron_golem":2,"minecraft:sheep":4,"minecraft:trader_llama":2,"minecraft:zombie":16,"minecraft:cow":3},"minecraft:custom":{"minecraft:mob_kills":50,"minecraft:interact_with_crafting_table":26,"minecraft:leave_game":5,"minecraft:time_since_death":84356,"minecraft:climb_one_cm":2640,"minecraft:sprint_one_cm":295513,"minecraft:walk_one_cm":293691,"minecraft:damage_blocked_by_shield":636,"minecraft:drop":43,"minecraft:play_noteblock":6,"minecraft:talked_to_villager":1,"minecraft:play_time":170434,"minecraft:deaths":6,"minecraft:sneak_time":7589,"minecraft:walk_under_water_one_cm":26318,"minecraft:boat_one_cm":38239,"minecraft:jump":3212,"minecraft:walk_on_water_one_cm":16520,"minecraft:total_world_time":170434,"minecraft:interact_with_furnace":61,"minecraft:play_record":1,"minecraft:tune_noteblock":59,"minecraft:sleep_in_bed":8,"minecraft:time_since_rest":17273,"minecraft:damage_taken":3227,"minecraft:damage_dealt":10430,"minecraft:swim_one_cm":44637,"minecraft:fly_one_cm":434217,"minecraft:open_chest":54,"minecraft:crouch_one_cm":13459,"minecraft:fall_one_cm":91072},"minecraft:crafted":{"minecraft:jukebox":1,"minecraft:birch_boat":1,"minecraft:furnace":1,"minecraft:diamond_shovel":1,"minecraft:cooked_mutton":13,"minecraft:diamond_helmet":1,"minecraft:iron_boots":1,"minecraft:iron_axe":1,"minecraft:stone_pickaxe":1,"minecraft:chest":3,"minecraft:diamond_boots":1,"minecraft:cooked_beef":9,"minecraft:diamond_sword":1,"minecraft:cooked_porkchop":7,"minecraft:crafting_table":3,"minecraft:spruce_planks":36,"minecraft:wooden_pickaxe":1,"minecraft:iron_helmet":1,"minecraft:iron_sword":1,"minecraft:bucket":1,"minecraft:birch_planks":116,"minecraft:stone_axe":1,"minecraft:air":0,"minecraft:iron_chestplate":1,"minecraft:diamond_pickaxe":1,"minecraft:shield":1,"minecraft:stick":36,"minecraft:iron_ingot":35,"minecraft:iron_pickaxe":1,"minecraft:stone_sword":1,"minecraft:iron_leggings":1,"minecraft:white_bed":2,"minecraft:torch":48,"minecraft:diamond_chestplate":1},"minecraft:used":{"minecraft:stone_sword":77,"minecraft:poppy":1,"minecraft:spruce_planks":18,"minecraft:chest":3,"minecraft:shield":19,"minecraft:iron_sword":64,"minecraft:torch":49,"minecraft:dirt":69,"minecraft:diamond_helmet":1,"minecraft:tuff":7,"minecraft:axolotl_bucket":2,"minecraft:lava_bucket":1,"minecraft:iron_axe":43,"minecraft:iron_helmet":1,"minecraft:iron_boots":1,"minecraft:diamond_chestplate":1,"minecraft:bow":1,"minecraft:magma_block":2,"minecraft:sweet_berries":1,"minecraft:furnace":8,"minecraft:goat_horn":5,"minecraft:cooked_beef":6,"minecraft:cobbled_deepslate":38,"minecraft:iron_leggings":1,"minecraft:cooked_mutton":9,"minecraft:water_bucket":32,"minecraft:diorite":5,"minecraft:diamond_boots":2,"minecraft:birch_planks":37,"minecraft:gray_carpet":1,"minecraft:stone_pickaxe":84,"minecraft:birch_boat":1,"minecraft:wooden_pickaxe":38,"minecraft:diamond_axe":2,"minecraft:crafting_table":9,"minecraft:white_bed":6,"minecraft:note_block":4,"minecraft:diamond_pickaxe":102,"minecraft:iron_pickaxe":26,"minecraft:gravel":4,"minecraft:stone_axe":27,"minecraft:diamond_sword":47,"minecraft:cobblestone":44,"minecraft:cooked_porkchop":11,"minecraft:andesite":15,"minecraft:bucket":36,"minecraft:diamond_leggings":1,"minecraft:jukebox":1,"minecraft:experience_bottle":6,"minecraft:soul_torch":18},"minecraft:broken":{"minecraft:bow":1},"minecraft:mined":{"minecraft:tuff":5,"minecraft:spruce_planks":1,"minecraft:white_bed":4,"minecraft:deepslate_diamond_ore":13,"minecraft:brewing_stand":1,"minecraft:granite":11,"minecraft:grass_block":1,"minecraft:moss_block":2,"minecraft:cartography_table":2,"minecraft:large_fern":1,"minecraft:magma_block":3,"minecraft:furnace":6,"minecraft:iron_ore":38,"minecraft:andesite":16,"minecraft:deepslate_iron_ore":2,"minecraft:stone":63,"minecraft:soul_wall_torch":2,"minecraft:flowering_azalea":1,"minecraft:soul_torch":16,"minecraft:clay":4,"minecraft:crafting_table":8,"minecraft:note_block":4,"minecraft:short_grass":12,"minecraft:chest":2,"minecraft:copper_ore":2,"minecraft:tall_grass":2,"minecraft:diorite":5,"minecraft:wall_torch":1,"minecraft:birch_planks":3,"minecraft:birch_log":29,"minecraft:sweet_berry_bush":3,"minecraft:spruce_log":27,"minecraft:birch_leaves":7,"minecraft:coal_ore":38,"minecraft:gravel":5,"minecraft:dirt":3,"minecraft:stonecutter":1,"minecraft:oak_leaves":1,"minecraft:deepslate":33},"minecraft:dropped":{"minecraft:iron_sword":3,"minecraft:diamond_leggings":1,"minecraft:iron_helmet":1,"minecraft:leather":2,"minecraft:grass_block":1,"minecraft:stick":1,"minecraft:oxeye_daisy":2,"minecraft:dirt":1,"minecraft:potion":1,"minecraft:iron_leggings":2,"minecraft:iron_axe":1,"minecraft:iron_pickaxe":1,"minecraft:bone":3,"minecraft:redstone":3,"minecraft:gravel":4,"minecraft:note_block":1,"minecraft:furnace":1,"minecraft:sweet_berries":4,"minecraft:oak_trapdoor":1,"minecraft:obsidian":10,"minecraft:pointed_dripstone":3,"minecraft:rotten_flesh":3,"minecraft:iron_boots":1,"minecraft:comparator":1,"minecraft:chainmail_chestplate":7,"minecraft:flint_and_steel":1,"minecraft:shield":1,"minecraft:iron_chestplate":1,"minecraft:redstone_torch":1,"minecraft:powered_rail":1,"minecraft:wooden_pickaxe":1},"minecraft:picked_up":{"minecraft:crafting_table":8,"minecraft:iron_chestplate":3,"minecraft:diamond_sword":1,"minecraft:brewing_stand":1,"minecraft:shield":3,"minecraft:oak_trapdoor":1,"minecraft:string":642,"minecraft:raw_copper":6,"minecraft:iron_axe":3,"minecraft:flint_and_steel":1,"minecraft:iron_leggings":2,"minecraft:iron_shovel":1,"minecraft:diamond_leggings":4,"minecraft:cartography_table":2,"minecraft:cobbled_deepslate":38,"minecraft:comparator":1,"minecraft:spruce_planks":1,"minecraft:beef":8,"minecraft:spruce_slab":8,"minecraft:redstone_torch":1,"minecraft:poppy":1,"minecraft:iron_pickaxe":3,"minecraft:light_gray_wool":2,"minecraft:chest":2,"minecraft:iron_boots":2,"minecraft:furnace":9,"minecraft:raw_iron":38,"minecraft:stick":7,"minecraft:torch":1,"minecraft:note_block":5,"minecraft:porkchop":7,"minecraft:pointed_dripstone":3,"minecraft:diorite":5,"minecraft:carrot":7,"minecraft:redstone":3,"minecraft:arrow":24,"minecraft:rotten_flesh":8,"minecraft:diamond_boots":3,"minecraft:mutton":13,"minecraft:obsidian":10,"minecraft:white_wool":8,"minecraft:cobblestone":124,"minecraft:oxeye_daisy":2,"minecraft:birch_log":49,"minecraft:magma_block":5,"minecraft:cooked_beef":6,"minecraft:glow_ink_sac":1,"minecraft:water_bucket":3,"minecraft:andesite":15,"minecraft:leather":5,"minecraft:potato":1,"minecraft:birch_planks":47,"minecraft:flint":1,"minecraft:tuff":7,"minecraft:chainmail_chestplate":15,"minecraft:map":10,"minecraft:dirt":65,"minecraft:paper":5,"minecraft:cooked_mutton":10,"minecraft:bone":11,"minecraft:gray_carpet":1,"minecraft:stonecutter":1,"minecraft:bow":1,"minecraft:iron_ingot":10,"minecraft:powered_rail":1,"minecraft:iron_sword":4,"minecraft:music_disc_13":1,"minecraft:cooked_porkchop":8,"minecraft:birch_boat":3,"minecraft:sweet_berries":5,"minecraft:gravel":10,"minecraft:soul_torch":18,"minecraft:spruce_log":27,"minecraft:white_bed":4,"minecraft:grass_block":1,"minecraft:diamond":24,"minecraft:iron_helmet":2,"minecraft:diamond_axe":1,"minecraft:emerald":17,"minecraft:bread":4,"minecraft:coal":105},"minecraft:killed_by":{"minecraft:player":1}},"DataVersion":3953}