{"stats":{"minecraft:custom":{"minecraft:time_since_rest":5947,"minecraft:interact_with_furnace":8,"minecraft:sprint_one_cm":15679,"minecraft:walk_one_cm":8618,"minecraft:mob_kills":6,"minecraft:damage_dealt":480,"minecraft:interact_with_crafting_table":9,"minecraft:fly_one_cm":6559,"minecraft:crouch_one_cm":1698,"minecraft:play_time":5947,"minecraft:sneak_time":840,"minecraft:jump":82,"minecraft:time_since_death":5947,"minecraft:total_world_time":5947,"minecraft:fall_one_cm":418},"minecraft:killed":{"minecraft:pig":2,"minecraft:chicken":2,"minecraft:cow":2},"minecraft:picked_up":{"minecraft:birch_log":20,"minecraft:crafting_table":1,"minecraft:stick":3,"minecraft:raw_iron":10,"minecraft:feather":2,"minecraft:chicken":2,"minecraft:porkchop":4,"minecraft:dirt":8,"minecraft:beef":3,"minecraft:birch_sapling":4,"minecraft:furnace":1,"minecraft:cobblestone":17,"minecraft:egg":2},"minecraft:used":{"minecraft:stone_pickaxe":24,"minecraft:wooden_pickaxe":8,"minecraft:stone_axe":21,"minecraft:iron_chestplate":1,"minecraft:dirt":8,"minecraft:crafting_table":1,"minecraft:furnace":1},"minecraft:crafted":{"minecraft:iron_chestplate":1,"minecraft:shield":1,"minecraft:crafting_table":1,"minecraft:stick":8,"minecraft:wooden_pickaxe":1,"minecraft:iron_ingot":10,"minecraft:stone_pickaxe":1,"minecraft:furnace":1,"minecraft:birch_planks":80,"minecraft:stone_axe":1,"minecraft:air":0},"minecraft:mined":{"minecraft:furnace":1,"minecraft:birch_log":20,"minecraft:iron_ore":10,"minecraft:birch_leaves":2,"minecraft:crafting_table":1,"minecraft:grass_block":2,"minecraft:dirt":6,"minecraft:stone":17}},"DataVersion":3953}