{"stats":{"minecraft:killed":{"minecraft:spider":1,"minecraft:skeleton":5,"minecraft:chicken":2,"minecraft:pig":2,"minecraft:creeper":1,"minecraft:sheep":12,"minecraft:zombie":5,"minecraft:player":2,"minecraft:cow":17},"minecraft:custom":{"minecraft:mob_kills":46,"minecraft:interact_with_crafting_table":34,"minecraft:leave_game":2,"minecraft:time_since_death":132604,"minecraft:climb_one_cm":8944,"minecraft:sprint_one_cm":294454,"minecraft:walk_one_cm":250501,"minecraft:damage_blocked_by_shield":560,"minecraft:drop":29,"minecraft:talked_to_villager":6,"minecraft:play_time":132604,"minecraft:sneak_time":8073,"minecraft:walk_under_water_one_cm":27286,"minecraft:boat_one_cm":102057,"minecraft:jump":3001,"minecraft:walk_on_water_one_cm":25283,"minecraft:total_world_time":132604,"minecraft:interact_with_furnace":72,"minecraft:traded_with_villager":16,"minecraft:sleep_in_bed":7,"minecraft:time_since_rest":3325,"minecraft:damage_taken":1546,"minecraft:damage_dealt":5945,"minecraft:swim_one_cm":66558,"minecraft:fly_one_cm":554553,"minecraft:player_kills":2,"minecraft:open_chest":38,"minecraft:crouch_one_cm":23388,"minecraft:fall_one_cm":92918},"minecraft:crafted":{"minecraft:oak_planks":36,"minecraft:birch_boat":1,"minecraft:furnace":2,"minecraft:spruce_fence":21,"minecraft:cooked_mutton":6,"minecraft:iron_boots":1,"minecraft:iron_axe":1,"minecraft:ladder":3,"minecraft:stone_pickaxe":1,"minecraft:chest":2,"minecraft:stone_hoe":1,"minecraft:cooked_beef":22,"minecraft:emerald":8,"minecraft:cooked_porkchop":4,"minecraft:crafting_table":2,"minecraft:enchanting_table":1,"minecraft:spruce_planks":248,"minecraft:wooden_pickaxe":1,"minecraft:fletching_table":2,"minecraft:birch_planks":80,"minecraft:bucket":1,"minecraft:stone_axe":1,"minecraft:bread":48,"minecraft:air":0,"minecraft:oak_fence_gate":1,"minecraft:oak_boat":1,"minecraft:iron_chestplate":1,"minecraft:book":1,"minecraft:paper":3,"minecraft:diamond_pickaxe":1,"minecraft:shield":1,"minecraft:stick":296,"minecraft:iron_pickaxe":1,"minecraft:iron_ingot":46,"minecraft:iron_shovel":2,"minecraft:iron_leggings":1,"minecraft:white_bed":1},"minecraft:used":{"minecraft:oak_fence":17,"minecraft:enchanting_table":1,"minecraft:iron_shovel":283,"minecraft:ladder":2,"minecraft:chest":2,"minecraft:shield":10,"minecraft:white_terracotta":12,"minecraft:stone_hoe":89,"minecraft:iron_chestplate":1,"minecraft:dirt":133,"minecraft:carrot":22,"minecraft:spruce_fence":21,"minecraft:oak_fence_gate":1,"minecraft:lava_bucket":1,"minecraft:iron_axe":124,"minecraft:iron_boots":1,"minecraft:bamboo":4,"minecraft:furnace":11,"minecraft:egg":2,"minecraft:cooked_beef":14,"minecraft:potato":39,"minecraft:cobbled_deepslate":19,"minecraft:iron_leggings":1,"minecraft:cooked_mutton":6,"minecraft:water_bucket":113,"minecraft:stone_pickaxe":54,"minecraft:oak_planks":1,"minecraft:wooden_pickaxe":8,"minecraft:birch_boat":3,"minecraft:composter":2,"minecraft:blue_bed":4,"minecraft:fletching_table":4,"minecraft:crafting_table":6,"minecraft:white_bed":4,"minecraft:diamond_pickaxe":102,"minecraft:bread":17,"minecraft:iron_pickaxe":43,"minecraft:gravel":19,"minecraft:spruce_sapling":25,"minecraft:stone_axe":89,"minecraft:cobblestone":12,"minecraft:purple_bed":2,"minecraft:bucket":115,"minecraft:yellow_bed":12,"minecraft:oak_boat":8},"minecraft:broken":{"minecraft:iron_shovel":1,"minecraft:stone_axe":1},"minecraft:mined":{"minecraft:white_bed":3,"minecraft:farmland":1,"minecraft:deepslate_diamond_ore":6,"minecraft:obsidian":4,"minecraft:grass_block":74,"minecraft:spruce_leaves":135,"minecraft:composter":2,"minecraft:oxeye_daisy":1,"minecraft:tall_seagrass":1,"minecraft:spruce_sapling":1,"minecraft:furnace":9,"minecraft:carrots":15,"minecraft:iron_ore":49,"minecraft:cobbled_deepslate":4,"minecraft:fire":2,"minecraft:fletching_table":3,"minecraft:deepslate_lapis_ore":4,"minecraft:azure_bluet":1,"minecraft:potatoes":15,"minecraft:deepslate_iron_ore":27,"minecraft:bamboo":1,"minecraft:stone":48,"minecraft:deepslate_redstone_ore":4,"minecraft:glass_pane":2,"minecraft:dandelion":4,"minecraft:oak_fence":18,"minecraft:crafting_table":5,"minecraft:short_grass":74,"minecraft:lectern":1,"minecraft:tall_grass":9,"minecraft:cobblestone":2,"minecraft:grindstone":1,"minecraft:sugar_cane":11,"minecraft:oak_planks":1,"minecraft:blue_bed":4,"minecraft:white_terracotta":12,"minecraft:purple_bed":2,"minecraft:birch_log":20,"minecraft:wheat":40,"minecraft:spruce_log":53,"minecraft:birch_leaves":2,"minecraft:pumpkin_stem":2,"minecraft:yellow_bed":12,"minecraft:coal_ore":8,"minecraft:oak_log":9,"minecraft:beetroots":5,"minecraft:gravel":33,"minecraft:sunflower":1,"minecraft:dripstone_block":2,"minecraft:dirt":190,"minecraft:oak_leaves":4,"minecraft:deepslate":17,"minecraft:fern":2},"minecraft:dropped":{"minecraft:bread":49,"minecraft:wheat_seeds":15,"minecraft:diamond":8,"minecraft:stick":5,"minecraft:oxeye_daisy":2,"minecraft:dirt":2,"minecraft:birch_sapling":4,"minecraft:beetroot":4,"minecraft:rotten_flesh":9,"minecraft:azure_bluet":2,"minecraft:ladder":1,"minecraft:bow":1},"minecraft:picked_up":{"minecraft:crafting_table":5,"minecraft:wheat":20,"minecraft:azure_bluet":4,"minecraft:chicken":2,"minecraft:string":1,"minecraft:beetroot":4,"minecraft:cobbled_deepslate":19,"minecraft:beef":51,"minecraft:oak_boat":8,"minecraft:lectern":1,"minecraft:sugar_cane":30,"minecraft:birch_sapling":4,"minecraft:egg":2,"minecraft:furnace":9,"minecraft:stick":17,"minecraft:raw_iron":107,"minecraft:oak_fence":18,"minecraft:composter":2,"minecraft:porkchop":4,"minecraft:pointed_dripstone":8,"minecraft:carrot":22,"minecraft:redstone":18,"minecraft:arrow":3,"minecraft:rotten_flesh":13,"minecraft:beetroot_seeds":13,"minecraft:white_terracotta":12,"minecraft:obsidian":4,"minecraft:mutton":17,"minecraft:white_wool":12,"minecraft:cobblestone":49,"minecraft:oxeye_daisy":4,"minecraft:birch_log":20,"minecraft:feather":2,"minecraft:cooked_beef":1,"minecraft:leather":11,"minecraft:potato":21,"minecraft:birch_planks":96,"minecraft:flint":4,"minecraft:oak_log":9,"minecraft:yellow_bed":12,"minecraft:gunpowder":1,"minecraft:lapis_lazuli":34,"minecraft:blue_bed":4,"minecraft:dirt":263,"minecraft:bone":3,"minecraft:bow":1,"minecraft:wheat_seeds":93,"minecraft:grindstone":1,"minecraft:iron_ingot":1,"minecraft:bamboo":4,"minecraft:fletching_table":3,"minecraft:rabbit":1,"minecraft:glass_bottle":2,"minecraft:oak_planks":1,"minecraft:birch_boat":2,"minecraft:gravel":26,"minecraft:dandelion":6,"minecraft:dripstone_block":2,"minecraft:spruce_sapling":27,"minecraft:white_bed":3,"minecraft:spruce_log":53,"minecraft:purple_bed":2,"minecraft:sugar":2,"minecraft:diamond":14,"minecraft:bread":1,"minecraft:coal":8,"minecraft:sunflower":1}},"DataVersion":3953}