{"stats":{"minecraft:mined":{"minecraft:white_bed":3,"minecraft:farmland":1,"minecraft:deepslate_diamond_ore":6,"minecraft:obsidian":4,"minecraft:grass_block":74,"minecraft:spruce_leaves":121,"minecraft:composter":1,"minecraft:oxeye_daisy":1,"minecraft:carrots":15,"minecraft:furnace":9,"minecraft:cobbled_deepslate":4,"minecraft:iron_ore":49,"minecraft:fire":2,"minecraft:deepslate_lapis_ore":4,"minecraft:fletching_table":1,"minecraft:azure_bluet":1,"minecraft:potatoes":15,"minecraft:deepslate_iron_ore":27,"minecraft:bamboo":1,"minecraft:stone":45,"minecraft:deepslate_redstone_ore":4,"minecraft:glass_pane":2,"minecraft:dandelion":4,"minecraft:oak_fence":18,"minecraft:crafting_table":5,"minecraft:short_grass":70,"minecraft:lectern":1,"minecraft:tall_grass":8,"minecraft:cobblestone":2,"minecraft:oak_planks":1,"minecraft:grindstone":1,"minecraft:sugar_cane":11,"minecraft:blue_bed":4,"minecraft:white_terracotta":12,"minecraft:purple_bed":2,"minecraft:birch_log":20,"minecraft:wheat":40,"minecraft:birch_leaves":2,"minecraft:pumpkin_stem":2,"minecraft:yellow_bed":12,"minecraft:oak_log":9,"minecraft:beetroots":5,"minecraft:sunflower":1,"minecraft:dripstone_block":2,"minecraft:dirt":180,"minecraft:oak_leaves":4,"minecraft:deepslate":17,"minecraft:fern":2},"minecraft:used":{"minecraft:oak_fence":17,"minecraft:enchanting_table":1,"minecraft:iron_shovel":237,"minecraft:ladder":2,"minecraft:chest":2,"minecraft:shield":7,"minecraft:white_terracotta":12,"minecraft:stone_hoe":89,"minecraft:iron_chestplate":1,"minecraft:dirt":99,"minecraft:carrot":22,"minecraft:spruce_fence":21,"minecraft:oak_fence_gate":1,"minecraft:lava_bucket":1,"minecraft:iron_axe":59,"minecraft:iron_boots":1,"minecraft:bamboo":4,"minecraft:furnace":11,"minecraft:egg":2,"minecraft:potato":39,"minecraft:cooked_beef":9,"minecraft:cobbled_deepslate":19,"minecraft:iron_leggings":1,"minecraft:cooked_mutton":6,"minecraft:water_bucket":78,"minecraft:stone_pickaxe":54,"minecraft:oak_planks":1,"minecraft:birch_boat":3,"minecraft:wooden_pickaxe":8,"minecraft:blue_bed":4,"minecraft:crafting_table":6,"minecraft:white_bed":4,"minecraft:diamond_pickaxe":91,"minecraft:bread":16,"minecraft:iron_pickaxe":43,"minecraft:spruce_sapling":8,"minecraft:stone_axe":89,"minecraft:cobblestone":12,"minecraft:purple_bed":2,"minecraft:bucket":80,"minecraft:yellow_bed":12,"minecraft:oak_boat":8},"minecraft:picked_up":{"minecraft:crafting_table":5,"minecraft:wheat":20,"minecraft:azure_bluet":4,"minecraft:chicken":2,"minecraft:beetroot":4,"minecraft:cobbled_deepslate":19,"minecraft:beef":51,"minecraft:oak_boat":8,"minecraft:lectern":1,"minecraft:sugar_cane":30,"minecraft:birch_sapling":4,"minecraft:egg":2,"minecraft:furnace":9,"minecraft:raw_iron":107,"minecraft:stick":5,"minecraft:composter":1,"minecraft:oak_fence":18,"minecraft:porkchop":4,"minecraft:pointed_dripstone":8,"minecraft:carrot":22,"minecraft:redstone":18,"minecraft:arrow":3,"minecraft:rotten_flesh":13,"minecraft:beetroot_seeds":13,"minecraft:white_terracotta":12,"minecraft:mutton":17,"minecraft:obsidian":4,"minecraft:white_wool":12,"minecraft:cobblestone":46,"minecraft:oxeye_daisy":4,"minecraft:birch_log":20,"minecraft:feather":2,"minecraft:cooked_beef":1,"minecraft:leather":11,"minecraft:potato":21,"minecraft:birch_planks":96,"minecraft:oak_log":9,"minecraft:yellow_bed":12,"minecraft:gunpowder":1,"minecraft:lapis_lazuli":34,"minecraft:dirt":253,"minecraft:blue_bed":4,"minecraft:bone":3,"minecraft:wheat_seeds":93,"minecraft:iron_ingot":1,"minecraft:grindstone":1,"minecraft:fletching_table":1,"minecraft:bamboo":4,"minecraft:oak_planks":1,"minecraft:birch_boat":2,"minecraft:dandelion":6,"minecraft:dripstone_block":2,"minecraft:spruce_sapling":8,"minecraft:white_bed":3,"minecraft:purple_bed":2,"minecraft:diamond":6,"minecraft:sunflower":1},"minecraft:broken":{"minecraft:stone_axe":1},"minecraft:killed":{"minecraft:skeleton":5,"minecraft:chicken":2,"minecraft:pig":2,"minecraft:creeper":1,"minecraft:sheep":12,"minecraft:zombie":5,"minecraft:cow":17},"minecraft:dropped":{"minecraft:wheat_seeds":15,"minecraft:oxeye_daisy":2,"minecraft:dirt":1,"minecraft:birch_sapling":4,"minecraft:rotten_flesh":9,"minecraft:azure_bluet":2,"minecraft:ladder":1},"minecraft:crafted":{"minecraft:oak_planks":36,"minecraft:birch_boat":1,"minecraft:furnace":2,"minecraft:spruce_fence":21,"minecraft:cooked_mutton":6,"minecraft:iron_boots":1,"minecraft:iron_axe":1,"minecraft:ladder":3,"minecraft:stone_pickaxe":1,"minecraft:chest":2,"minecraft:stone_hoe":1,"minecraft:cooked_beef":9,"minecraft:cooked_porkchop":4,"minecraft:crafting_table":2,"minecraft:spruce_planks":36,"minecraft:enchanting_table":1,"minecraft:wooden_pickaxe":1,"minecraft:birch_planks":80,"minecraft:bucket":1,"minecraft:stone_axe":1,"minecraft:air":0,"minecraft:oak_fence_gate":1,"minecraft:oak_boat":1,"minecraft:iron_chestplate":1,"minecraft:book":1,"minecraft:paper":3,"minecraft:diamond_pickaxe":1,"minecraft:shield":1,"minecraft:stick":40,"minecraft:iron_ingot":46,"minecraft:iron_pickaxe":1,"minecraft:iron_shovel":1,"minecraft:iron_leggings":1,"minecraft:white_bed":1},"minecraft:custom":{"minecraft:mob_kills":45,"minecraft:interact_with_crafting_table":31,"minecraft:leave_game":1,"minecraft:time_since_death":99157,"minecraft:climb_one_cm":6217,"minecraft:sprint_one_cm":272329,"minecraft:walk_one_cm":186289,"minecraft:damage_blocked_by_shield":200,"minecraft:drop":14,"minecraft:talked_to_villager":1,"minecraft:play_time":99157,"minecraft:sneak_time":5237,"minecraft:walk_under_water_one_cm":17267,"minecraft:boat_one_cm":102057,"minecraft:jump":2610,"minecraft:walk_on_water_one_cm":20852,"minecraft:total_world_time":99157,"minecraft:interact_with_furnace":66,"minecraft:sleep_in_bed":3,"minecraft:time_since_rest":31197,"minecraft:damage_taken":1183,"minecraft:damage_dealt":5357,"minecraft:swim_one_cm":56104,"minecraft:fly_one_cm":505323,"minecraft:open_chest":33,"minecraft:crouch_one_cm":18909,"minecraft:fall_one_cm":84237}},"DataVersion":3953}