{"stats":{"minecraft:custom":{"minecraft:interact_with_furnace":31,"minecraft:mob_kills":13,"minecraft:interact_with_crafting_table":16,"minecraft:time_since_death":17947,"minecraft:time_since_rest":17947,"minecraft:sprint_one_cm":42082,"minecraft:damage_taken":281,"minecraft:walk_one_cm":30449,"minecraft:damage_blocked_by_shield":165,"minecraft:damage_dealt":1771,"minecraft:fly_one_cm":31859,"minecraft:crouch_one_cm":4703,"minecraft:play_time":17947,"minecraft:sneak_time":2409,"minecraft:walk_under_water_one_cm":1036,"minecraft:jump":325,"minecraft:walk_on_water_one_cm":1887,"minecraft:total_world_time":17947,"minecraft:fall_one_cm":6519},"minecraft:killed":{"minecraft:pig":2,"minecraft:skeleton":3,"minecraft:zombie":4,"minecraft:chicken":2,"minecraft:cow":2},"minecraft:picked_up":{"minecraft:birch_log":20,"minecraft:crafting_table":3,"minecraft:feather":2,"minecraft:chicken":2,"minecraft:leather":2,"minecraft:birch_planks":66,"minecraft:lapis_lazuli":34,"minecraft:dirt":8,"minecraft:bone":2,"minecraft:cobbled_deepslate":15,"minecraft:beef":6,"minecraft:iron_ingot":1,"minecraft:birch_sapling":4,"minecraft:egg":2,"minecraft:furnace":5,"minecraft:raw_iron":70,"minecraft:stick":3,"minecraft:dripstone_block":1,"minecraft:porkchop":4,"minecraft:pointed_dripstone":8,"minecraft:redstone":18,"minecraft:arrow":3,"minecraft:rotten_flesh":5,"minecraft:diamond":6,"minecraft:obsidian":2,"minecraft:cobblestone":24},"minecraft:used":{"minecraft:water_bucket":10,"minecraft:stone_pickaxe":54,"minecraft:wooden_pickaxe":8,"minecraft:shield":6,"minecraft:iron_chestplate":1,"minecraft:dirt":8,"minecraft:crafting_table":3,"minecraft:diamond_pickaxe":31,"minecraft:iron_pickaxe":43,"minecraft:iron_boots":1,"minecraft:stone_axe":38,"minecraft:cobblestone":2,"minecraft:furnace":5,"minecraft:bucket":11,"minecraft:cooked_beef":4,"minecraft:iron_leggings":1},"minecraft:mined":{"minecraft:deepslate_redstone_ore":4,"minecraft:deepslate_diamond_ore":6,"minecraft:crafting_table":3,"minecraft:obsidian":2,"minecraft:grass_block":2,"minecraft:furnace":5,"minecraft:birch_log":20,"minecraft:iron_ore":41,"minecraft:birch_leaves":2,"minecraft:deepslate_lapis_ore":4,"minecraft:deepslate_iron_ore":27,"minecraft:dripstone_block":1,"minecraft:dirt":6,"minecraft:stone":24,"minecraft:deepslate":17},"minecraft:crafted":{"minecraft:cooked_beef":6,"minecraft:crafting_table":1,"minecraft:wooden_pickaxe":1,"minecraft:furnace":2,"minecraft:bucket":1,"minecraft:birch_planks":80,"minecraft:stone_axe":1,"minecraft:air":0,"minecraft:iron_chestplate":1,"minecraft:iron_boots":1,"minecraft:diamond_pickaxe":1,"minecraft:shield":1,"minecraft:stick":8,"minecraft:iron_ingot":26,"minecraft:iron_pickaxe":1,"minecraft:stone_pickaxe":1,"minecraft:iron_leggings":1}},"DataVersion":3953}