{"stats":{"minecraft:killed":{"minecraft:spider":1,"minecraft:skeleton":5,"minecraft:chicken":2,"minecraft:pig":2,"minecraft:creeper":1,"minecraft:sheep":12,"minecraft:zombie":10,"minecraft:player":2,"minecraft:cow":17},"minecraft:custom":{"minecraft:mob_kills":51,"minecraft:inspect_hopper":1,"minecraft:interact_with_crafting_table":47,"minecraft:open_barrel":1,"minecraft:leave_game":2,"minecraft:time_since_death":162604,"minecraft:climb_one_cm":12108,"minecraft:sprint_one_cm":332769,"minecraft:walk_one_cm":322057,"minecraft:damage_blocked_by_shield":560,"minecraft:drop":149,"minecraft:talked_to_villager":42,"minecraft:play_time":162604,"minecraft:sneak_time":8999,"minecraft:walk_under_water_one_cm":28412,"minecraft:boat_one_cm":102057,"minecraft:jump":3477,"minecraft:walk_on_water_one_cm":45622,"minecraft:total_world_time":162604,"minecraft:interact_with_furnace":74,"minecraft:traded_with_villager":200,"minecraft:sleep_in_bed":9,"minecraft:time_since_rest":11288,"minecraft:damage_taken":1710,"minecraft:damage_dealt":7352,"minecraft:swim_one_cm":66853,"minecraft:fly_one_cm":615719,"minecraft:player_kills":2,"minecraft:open_chest":62,"minecraft:crouch_one_cm":25795,"minecraft:fall_one_cm":104019},"minecraft:crafted":{"minecraft:oak_planks":36,"minecraft:barrel":4,"minecraft:tripwire_hook":4,"minecraft:birch_boat":1,"minecraft:furnace":2,"minecraft:lever":1,"minecraft:spruce_fence":21,"minecraft:cooked_mutton":6,"minecraft:hopper":3,"minecraft:iron_boots":1,"minecraft:iron_axe":1,"minecraft:ladder":3,"minecraft:spruce_slab":18,"minecraft:stone_pickaxe":1,"minecraft:chest":4,"minecraft:cod_bucket":7,"minecraft:stone_hoe":1,"minecraft:cooked_beef":22,"minecraft:emerald":136,"minecraft:cooked_porkchop":4,"minecraft:crafting_table":3,"minecraft:enchanting_table":1,"minecraft:spruce_planks":248,"minecraft:wooden_pickaxe":1,"minecraft:iron_sword":5,"minecraft:fletching_table":2,"minecraft:birch_planks":80,"minecraft:bucket":1,"minecraft:stone_axe":1,"minecraft:bread":240,"minecraft:air":0,"minecraft:oak_fence_gate":1,"minecraft:oak_boat":1,"minecraft:spruce_trapdoor":2,"minecraft:iron_chestplate":1,"minecraft:book":1,"minecraft:paper":3,"minecraft:diamond_pickaxe":1,"minecraft:shield":1,"minecraft:stick":296,"minecraft:iron_pickaxe":1,"minecraft:iron_ingot":46,"minecraft:iron_shovel":2,"minecraft:iron_leggings":1,"minecraft:white_bed":1,"minecraft:pumpkin_pie":48,"minecraft:shears":1},"minecraft:used":{"minecraft:oak_fence":17,"minecraft:enchanting_table":1,"minecraft:iron_shovel":292,"minecraft:redstone":8,"minecraft:ladder":2,"minecraft:spruce_planks":26,"minecraft:chest":5,"minecraft:shield":10,"minecraft:white_terracotta":12,"minecraft:stone_hoe":89,"minecraft:iron_chestplate":1,"minecraft:dirt":134,"minecraft:hopper":8,"minecraft:carrot":22,"minecraft:spruce_fence":21,"minecraft:oak_fence_gate":1,"minecraft:lava_bucket":1,"minecraft:iron_axe":169,"minecraft:iron_boots":1,"minecraft:barrel":9,"minecraft:bamboo":4,"minecraft:tripwire_hook":5,"minecraft:furnace":11,"minecraft:egg":2,"minecraft:cooked_beef":17,"minecraft:potato":39,"minecraft:cobbled_deepslate":87,"minecraft:iron_leggings":1,"minecraft:cooked_mutton":6,"minecraft:water_bucket":118,"minecraft:stone_pickaxe":54,"minecraft:oak_planks":1,"minecraft:wooden_pickaxe":8,"minecraft:birch_boat":3,"minecraft:composter":2,"minecraft:blue_bed":4,"minecraft:fletching_table":7,"minecraft:crafting_table":7,"minecraft:white_bed":4,"minecraft:shears":5,"minecraft:lever":6,"minecraft:diamond_pickaxe":196,"minecraft:string":14,"minecraft:bread":17,"minecraft:iron_pickaxe":43,"minecraft:spruce_trapdoor":6,"minecraft:gravel":22,"minecraft:spruce_sapling":25,"minecraft:stone_axe":89,"minecraft:cobblestone":53,"minecraft:purple_bed":2,"minecraft:grindstone":1,"minecraft:bucket":120,"minecraft:yellow_bed":12,"minecraft:oak_boat":8},"minecraft:broken":{"minecraft:iron_shovel":1,"minecraft:stone_axe":1},"minecraft:mined":{"minecraft:spruce_planks":13,"minecraft:white_bed":3,"minecraft:farmland":1,"minecraft:deepslate_diamond_ore":6,"minecraft:obsidian":4,"minecraft:spruce_trapdoor":4,"minecraft:lever":4,"minecraft:grass_block":77,"minecraft:redstone_wire":4,"minecraft:spruce_leaves":135,"minecraft:hopper":5,"minecraft:composter":2,"minecraft:oxeye_daisy":2,"minecraft:tall_seagrass":1,"minecraft:spruce_sapling":1,"minecraft:furnace":9,"minecraft:carrots":15,"minecraft:barrel":5,"minecraft:iron_ore":49,"minecraft:cobbled_deepslate":52,"minecraft:fire":2,"minecraft:fletching_table":7,"minecraft:deepslate_lapis_ore":4,"minecraft:azure_bluet":1,"minecraft:potatoes":15,"minecraft:dirt_path":2,"minecraft:deepslate_iron_ore":27,"minecraft:bamboo":1,"minecraft:stone":48,"minecraft:deepslate_redstone_ore":4,"minecraft:glass_pane":2,"minecraft:dandelion":6,"minecraft:oak_fence":18,"minecraft:crafting_table":5,"minecraft:short_grass":87,"minecraft:lectern":1,"minecraft:tall_grass":9,"minecraft:cobblestone":35,"minecraft:grindstone":1,"minecraft:sugar_cane":11,"minecraft:oak_planks":1,"minecraft:blue_bed":4,"minecraft:white_terracotta":12,"minecraft:purple_bed":2,"minecraft:birch_log":20,"minecraft:wheat":40,"minecraft:spruce_log":53,"minecraft:birch_leaves":2,"minecraft:pumpkin_stem":2,"minecraft:yellow_bed":12,"minecraft:coal_ore":8,"minecraft:oak_log":9,"minecraft:beetroots":5,"minecraft:gravel":34,"minecraft:sunflower":1,"minecraft:dripstone_block":2,"minecraft:dirt":204,"minecraft:oak_leaves":4,"minecraft:deepslate":17,"minecraft:fern":2},"minecraft:dropped":{"minecraft:water_bucket":1,"minecraft:bread":261,"minecraft:iron_sword":5,"minecraft:wheat_seeds":17,"minecraft:glass_bottle":2,"minecraft:diamond":8,"minecraft:cobblestone":2,"minecraft:stick":5,"minecraft:oxeye_daisy":3,"minecraft:dirt":2,"minecraft:string":512,"minecraft:dandelion":2,"minecraft:gravel":5,"minecraft:birch_sapling":4,"minecraft:beetroot":4,"minecraft:rotten_flesh":14,"minecraft:azure_bluet":2,"minecraft:spruce_planks":28,"minecraft:cod_bucket":14,"minecraft:hopper":1,"minecraft:ladder":1,"minecraft:arrow":2,"minecraft:bow":1},"minecraft:picked_up":{"minecraft:crafting_table":5,"minecraft:wheat":20,"minecraft:azure_bluet":4,"minecraft:chicken":2,"minecraft:cod_bucket":8,"minecraft:string":3515,"minecraft:beetroot":4,"minecraft:cobbled_deepslate":67,"minecraft:spruce_planks":39,"minecraft:beef":51,"minecraft:oak_boat":8,"minecraft:lectern":1,"minecraft:sugar_cane":30,"minecraft:birch_sapling":4,"minecraft:spruce_trapdoor":4,"minecraft:egg":2,"minecraft:furnace":9,"minecraft:stick":17,"minecraft:raw_iron":107,"minecraft:oak_fence":18,"minecraft:composter":2,"minecraft:porkchop":4,"minecraft:pointed_dripstone":8,"minecraft:carrot":22,"minecraft:redstone":22,"minecraft:arrow":3,"minecraft:rotten_flesh":18,"minecraft:beetroot_seeds":13,"minecraft:white_terracotta":12,"minecraft:obsidian":4,"minecraft:mutton":17,"minecraft:white_wool":12,"minecraft:cobblestone":83,"minecraft:oxeye_daisy":5,"minecraft:birch_log":20,"minecraft:feather":2,"minecraft:cooked_beef":1,"minecraft:tripwire_hook":2,"minecraft:water_bucket":1,"minecraft:leather":11,"minecraft:potato":21,"minecraft:birch_planks":96,"minecraft:flint":4,"minecraft:oak_log":9,"minecraft:yellow_bed":12,"minecraft:gunpowder":1,"minecraft:lapis_lazuli":34,"minecraft:blue_bed":4,"minecraft:dirt":299,"minecraft:bone":3,"minecraft:bow":1,"minecraft:wheat_seeds":95,"minecraft:grindstone":1,"minecraft:iron_ingot":1,"minecraft:bamboo":4,"minecraft:fletching_table":7,"minecraft:rabbit":1,"minecraft:glass_bottle":2,"minecraft:iron_sword":1,"minecraft:oak_planks":1,"minecraft:birch_boat":2,"minecraft:gravel":27,"minecraft:dandelion":8,"minecraft:dripstone_block":2,"minecraft:spruce_sapling":27,"minecraft:white_bed":3,"minecraft:spruce_log":53,"minecraft:barrel":5,"minecraft:purple_bed":2,"minecraft:sugar":2,"minecraft:diamond":14,"minecraft:lever":5,"minecraft:emerald":5,"minecraft:bread":21,"minecraft:coal":8,"minecraft:hopper":6,"minecraft:sunflower":1}},"DataVersion":3953}