{"stats":{"minecraft:killed":{"minecraft:spider":1,"minecraft:skeleton":5,"minecraft:chicken":2,"minecraft:pig":2,"minecraft:iron_golem":8,"minecraft:creeper":1,"minecraft:sheep":12,"minecraft:zombie":10,"minecraft:player":2,"minecraft:cow":17},"minecraft:custom":{"minecraft:mob_kills":59,"minecraft:inspect_hopper":1,"minecraft:interact_with_crafting_table":56,"minecraft:open_barrel":2,"minecraft:leave_game":3,"minecraft:time_since_death":523,"minecraft:climb_one_cm":18890,"minecraft:sprint_one_cm":379764,"minecraft:walk_one_cm":420789,"minecraft:damage_blocked_by_shield":1885,"minecraft:drop":244,"minecraft:talked_to_villager":156,"minecraft:play_time":198782,"minecraft:deaths":1,"minecraft:sneak_time":11219,"minecraft:walk_under_water_one_cm":28486,"minecraft:boat_one_cm":102057,"minecraft:jump":4200,"minecraft:walk_on_water_one_cm":48448,"minecraft:total_world_time":198782,"minecraft:interact_with_furnace":80,"minecraft:traded_with_villager":666,"minecraft:interact_with_grindstone":1,"minecraft:sleep_in_bed":12,"minecraft:time_since_rest":549,"minecraft:damage_taken":2118,"minecraft:damage_dealt":15264,"minecraft:swim_one_cm":67297,"minecraft:fly_one_cm":717292,"minecraft:player_kills":2,"minecraft:open_chest":102,"minecraft:crouch_one_cm":27180,"minecraft:fall_one_cm":120917},"minecraft:crafted":{"minecraft:golden_carrot":30,"minecraft:smooth_stone":3,"minecraft:cookie":72,"minecraft:oak_planks":36,"minecraft:barrel":5,"minecraft:tripwire_hook":4,"minecraft:birch_boat":1,"minecraft:furnace":2,"minecraft:blast_furnace":1,"minecraft:stone":3,"minecraft:lever":1,"minecraft:spruce_fence":21,"minecraft:suspicious_stew":7,"minecraft:cooked_mutton":6,"minecraft:hopper":4,"minecraft:diamond_leggings":2,"minecraft:iron_boots":11,"minecraft:iron_axe":1,"minecraft:ladder":3,"minecraft:spruce_slab":18,"minecraft:stone_pickaxe":1,"minecraft:chest":8,"minecraft:diamond_boots":4,"minecraft:cod_bucket":7,"minecraft:stone_hoe":1,"minecraft:chainmail_leggings":12,"minecraft:cooked_beef":22,"minecraft:diamond_sword":1,"minecraft:emerald":519,"minecraft:cooked_porkchop":4,"minecraft:diamond_axe":3,"minecraft:crafting_table":3,"minecraft:enchanting_table":1,"minecraft:spruce_planks":300,"minecraft:wooden_pickaxe":1,"minecraft:iron_sword":11,"minecraft:chainmail_chestplate":8,"minecraft:fletching_table":2,"minecraft:birch_planks":80,"minecraft:bucket":1,"minecraft:stone_axe":1,"minecraft:bread":336,"minecraft:air":0,"minecraft:oak_fence_gate":1,"minecraft:oak_boat":1,"minecraft:spruce_trapdoor":2,"minecraft:iron_chestplate":1,"minecraft:book":1,"minecraft:paper":3,"minecraft:diamond_pickaxe":1,"minecraft:shield":1,"minecraft:stick":296,"minecraft:iron_pickaxe":1,"minecraft:iron_ingot":75,"minecraft:iron_shovel":2,"minecraft:iron_leggings":1,"minecraft:white_bed":1,"minecraft:pumpkin_pie":48,"minecraft:shears":1},"minecraft:used":{"minecraft:oak_fence":17,"minecraft:enchanting_table":1,"minecraft:iron_shovel":314,"minecraft:redstone":8,"minecraft:ladder":2,"minecraft:spruce_planks":50,"minecraft:chest":8,"minecraft:shield":45,"minecraft:white_terracotta":12,"minecraft:iron_sword":113,"minecraft:stone_hoe":89,"minecraft:iron_chestplate":1,"minecraft:dirt":141,"minecraft:hopper":9,"minecraft:carrot":23,"minecraft:spruce_fence":21,"minecraft:oak_fence_gate":1,"minecraft:lava_bucket":1,"minecraft:iron_axe":212,"minecraft:iron_boots":2,"minecraft:barrel":12,"minecraft:bamboo":4,"minecraft:tripwire_hook":5,"minecraft:golden_carrot":2,"minecraft:furnace":11,"minecraft:egg":2,"minecraft:cooked_beef":17,"minecraft:potato":105,"minecraft:cobbled_deepslate":87,"minecraft:iron_leggings":1,"minecraft:cooked_mutton":6,"minecraft:water_bucket":118,"minecraft:diamond_boots":1,"minecraft:stone_pickaxe":54,"minecraft:oak_planks":1,"minecraft:diamond_axe":3,"minecraft:wooden_pickaxe":8,"minecraft:birch_boat":3,"minecraft:composter":2,"minecraft:blue_bed":4,"minecraft:fletching_table":7,"minecraft:blast_furnace":3,"minecraft:crafting_table":7,"minecraft:white_bed":4,"minecraft:shears":5,"minecraft:lever":6,"minecraft:diamond_pickaxe":204,"minecraft:suspicious_stew":3,"minecraft:string":17,"minecraft:bread":17,"minecraft:iron_pickaxe":43,"minecraft:spruce_trapdoor":6,"minecraft:gravel":22,"minecraft:spruce_sapling":25,"minecraft:stone_axe":89,"minecraft:diamond_sword":18,"minecraft:cobblestone":53,"minecraft:purple_bed":3,"minecraft:grindstone":2,"minecraft:bucket":120,"minecraft:pumpkin_pie":1,"minecraft:yellow_bed":12,"minecraft:oak_boat":8,"minecraft:diamond_leggings":1},"minecraft:broken":{"minecraft:iron_shovel":1,"minecraft:iron_axe":1,"minecraft:stone_axe":1},"minecraft:mined":{"minecraft:spruce_planks":32,"minecraft:white_bed":3,"minecraft:farmland":1,"minecraft:deepslate_diamond_ore":6,"minecraft:obsidian":4,"minecraft:spruce_trapdoor":4,"minecraft:lever":4,"minecraft:grass_block":82,"minecraft:redstone_wire":4,"minecraft:spruce_leaves":144,"minecraft:hopper":5,"minecraft:composter":2,"minecraft:oxeye_daisy":2,"minecraft:tall_seagrass":1,"minecraft:spruce_sapling":1,"minecraft:furnace":10,"minecraft:carrots":35,"minecraft:barrel":7,"minecraft:iron_ore":49,"minecraft:cobbled_deepslate":54,"minecraft:fire":2,"minecraft:fletching_table":8,"minecraft:deepslate_lapis_ore":4,"minecraft:azure_bluet":1,"minecraft:potatoes":54,"minecraft:dirt_path":6,"minecraft:deepslate_iron_ore":27,"minecraft:bamboo":1,"minecraft:stone":48,"minecraft:tripwire":2,"minecraft:deepslate_redstone_ore":4,"minecraft:glass_pane":2,"minecraft:dandelion":6,"minecraft:oak_fence":18,"minecraft:crafting_table":5,"minecraft:short_grass":93,"minecraft:blast_furnace":2,"minecraft:lectern":1,"minecraft:tall_grass":9,"minecraft:cobblestone":36,"minecraft:grindstone":2,"minecraft:sugar_cane":11,"minecraft:oak_planks":1,"minecraft:blue_bed":4,"minecraft:white_terracotta":12,"minecraft:purple_bed":3,"minecraft:birch_log":20,"minecraft:wheat":40,"minecraft:spruce_log":66,"minecraft:birch_leaves":2,"minecraft:pumpkin_stem":2,"minecraft:yellow_bed":12,"minecraft:coal_ore":8,"minecraft:oak_log":9,"minecraft:beetroots":5,"minecraft:gravel":35,"minecraft:sunflower":1,"minecraft:dripstone_block":2,"minecraft:dirt":221,"minecraft:oak_leaves":4,"minecraft:deepslate":17,"minecraft:fern":2},"minecraft:dropped":{"minecraft:water_bucket":1,"minecraft:bread":357,"minecraft:iron_sword":23,"minecraft:wheat_seeds":17,"minecraft:glass_bottle":2,"minecraft:diamond":8,"minecraft:diamond_leggings":1,"minecraft:poisonous_potato":1,"minecraft:cookie":72,"minecraft:cobblestone":3,"minecraft:stick":5,"minecraft:oxeye_daisy":5,"minecraft:dirt":2,"minecraft:iron_leggings":1,"minecraft:chainmail_leggings":12,"minecraft:string":512,"minecraft:dandelion":2,"minecraft:gravel":5,"minecraft:bowl":10,"minecraft:birch_sapling":4,"minecraft:beetroot":4,"minecraft:rotten_flesh":14,"minecraft:iron_boots":11,"minecraft:azure_bluet":2,"minecraft:chainmail_chestplate":23,"minecraft:suspicious_stew":7,"minecraft:poppy":10,"minecraft:spruce_planks":28,"minecraft:cod_bucket":14,"minecraft:hopper":1,"minecraft:ladder":1,"minecraft:diamond_boots":3,"minecraft:arrow":2,"minecraft:bow":1},"minecraft:picked_up":{"minecraft:crafting_table":5,"minecraft:wheat":20,"minecraft:azure_bluet":4,"minecraft:suspicious_stew":3,"minecraft:chicken":2,"minecraft:cod_bucket":8,"minecraft:string":7157,"minecraft:beetroot":4,"minecraft:cobbled_deepslate":69,"minecraft:spruce_planks":58,"minecraft:beef":51,"minecraft:oak_boat":8,"minecraft:poppy":10,"minecraft:lectern":1,"minecraft:sugar_cane":30,"minecraft:birch_sapling":4,"minecraft:spruce_trapdoor":4,"minecraft:egg":2,"minecraft:furnace":10,"minecraft:stick":17,"minecraft:raw_iron":107,"minecraft:oak_fence":18,"minecraft:composter":2,"minecraft:bowl":7,"minecraft:porkchop":4,"minecraft:cookie":54,"minecraft:pointed_dripstone":8,"minecraft:carrot":89,"minecraft:redstone":22,"minecraft:arrow":3,"minecraft:rotten_flesh":18,"minecraft:beetroot_seeds":13,"minecraft:white_terracotta":12,"minecraft:obsidian":4,"minecraft:mutton":17,"minecraft:white_wool":12,"minecraft:cobblestone":84,"minecraft:oxeye_daisy":5,"minecraft:birch_log":20,"minecraft:feather":2,"minecraft:cooked_beef":1,"minecraft:tripwire_hook":2,"minecraft:water_bucket":1,"minecraft:leather":11,"minecraft:potato":144,"minecraft:birch_planks":96,"minecraft:chainmail_chestplate":8,"minecraft:flint":4,"minecraft:oak_log":9,"minecraft:yellow_bed":12,"minecraft:gunpowder":1,"minecraft:lapis_lazuli":34,"minecraft:blue_bed":4,"minecraft:dirt":323,"minecraft:bone":3,"minecraft:bow":1,"minecraft:wheat_seeds":95,"minecraft:grindstone":2,"minecraft:iron_ingot":34,"minecraft:bamboo":4,"minecraft:fletching_table":8,"minecraft:rabbit":1,"minecraft:glass_bottle":2,"minecraft:iron_sword":12,"minecraft:oak_planks":1,"minecraft:birch_boat":2,"minecraft:poisonous_potato":1,"minecraft:gravel":28,"minecraft:dandelion":8,"minecraft:dripstone_block":2,"minecraft:blast_furnace":2,"minecraft:spruce_sapling":27,"minecraft:white_bed":3,"minecraft:spruce_log":66,"minecraft:barrel":7,"minecraft:purple_bed":3,"minecraft:sugar":2,"minecraft:diamond":14,"minecraft:lever":5,"minecraft:emerald":5,"minecraft:bread":21,"minecraft:coal":8,"minecraft:hopper":6,"minecraft:sunflower":1},"minecraft:killed_by":{"minecraft:player":1}},"DataVersion":3953}