{"stats":{"minecraft:custom":{"minecraft:interact_with_furnace":49,"minecraft:mob_kills":22,"minecraft:interact_with_crafting_table":17,"minecraft:time_since_death":29947,"minecraft:sleep_in_bed":1,"minecraft:time_since_rest":2218,"minecraft:sprint_one_cm":84109,"minecraft:damage_taken":447,"minecraft:walk_one_cm":42236,"minecraft:damage_blocked_by_shield":200,"minecraft:damage_dealt":2651,"minecraft:swim_one_cm":12913,"minecraft:fly_one_cm":140704,"minecraft:crouch_one_cm":5051,"minecraft:play_time":29947,"minecraft:sneak_time":2620,"minecraft:walk_under_water_one_cm":7591,"minecraft:jump":904,"minecraft:walk_on_water_one_cm":6130,"minecraft:total_world_time":29947,"minecraft:fall_one_cm":27423},"minecraft:killed":{"minecraft:pig":2,"minecraft:sheep":6,"minecraft:skeleton":4,"minecraft:zombie":4,"minecraft:chicken":2,"minecraft:cow":4},"minecraft:picked_up":{"minecraft:birch_log":20,"minecraft:crafting_table":4,"minecraft:feather":2,"minecraft:chicken":2,"minecraft:leather":2,"minecraft:birch_planks":96,"minecraft:lapis_lazuli":34,"minecraft:dirt":9,"minecraft:bone":3,"minecraft:cobbled_deepslate":15,"minecraft:beef":8,"minecraft:iron_ingot":1,"minecraft:sugar_cane":6,"minecraft:birch_sapling":4,"minecraft:egg":2,"minecraft:furnace":7,"minecraft:raw_iron":78,"minecraft:stick":3,"minecraft:dripstone_block":2,"minecraft:porkchop":4,"minecraft:pointed_dripstone":8,"minecraft:white_bed":1,"minecraft:redstone":18,"minecraft:arrow":3,"minecraft:rotten_flesh":5,"minecraft:diamond":6,"minecraft:mutton":9,"minecraft:obsidian":3,"minecraft:white_wool":6,"minecraft:cobblestone":35,"minecraft:sunflower":1},"minecraft:used":{"minecraft:cooked_mutton":2,"minecraft:water_bucket":38,"minecraft:stone_pickaxe":54,"minecraft:wooden_pickaxe":8,"minecraft:shield":7,"minecraft:iron_chestplate":1,"minecraft:dirt":8,"minecraft:crafting_table":4,"minecraft:white_bed":1,"minecraft:diamond_pickaxe":56,"minecraft:lava_bucket":1,"minecraft:iron_pickaxe":43,"minecraft:iron_boots":1,"minecraft:stone_axe":55,"minecraft:cobblestone":4,"minecraft:furnace":7,"minecraft:bucket":40,"minecraft:egg":2,"minecraft:cooked_beef":6,"minecraft:iron_leggings":1},"minecraft:mined":{"minecraft:deepslate_redstone_ore":4,"minecraft:white_bed":1,"minecraft:deepslate_diamond_ore":6,"minecraft:crafting_table":4,"minecraft:obsidian":3,"minecraft:short_grass":11,"minecraft:grass_block":2,"minecraft:tall_grass":1,"minecraft:cobblestone":2,"minecraft:sugar_cane":2,"minecraft:furnace":7,"minecraft:birch_log":20,"minecraft:iron_ore":49,"minecraft:birch_leaves":2,"minecraft:deepslate_lapis_ore":4,"minecraft:deepslate_iron_ore":27,"minecraft:sunflower":1,"minecraft:dripstone_block":2,"minecraft:dirt":7,"minecraft:stone":33,"minecraft:oak_leaves":2,"minecraft:deepslate":17},"minecraft:crafted":{"minecraft:cooked_beef":8,"minecraft:cooked_porkchop":4,"minecraft:crafting_table":1,"minecraft:wooden_pickaxe":1,"minecraft:furnace":2,"minecraft:bucket":1,"minecraft:birch_planks":80,"minecraft:stone_axe":1,"minecraft:cooked_mutton":6,"minecraft:air":0,"minecraft:iron_chestplate":1,"minecraft:iron_boots":1,"minecraft:diamond_pickaxe":1,"minecraft:shield":1,"minecraft:stick":8,"minecraft:iron_ingot":26,"minecraft:iron_pickaxe":1,"minecraft:stone_pickaxe":1,"minecraft:iron_leggings":1,"minecraft:white_bed":1}},"DataVersion":3953}