{"stats":{"minecraft:mined":{"minecraft:deepslate_redstone_ore":4,"minecraft:white_bed":3,"minecraft:glass_pane":2,"minecraft:deepslate_diamond_ore":6,"minecraft:dandelion":1,"minecraft:obsidian":4,"minecraft:crafting_table":5,"minecraft:short_grass":42,"minecraft:grass_block":68,"minecraft:lectern":1,"minecraft:tall_grass":8,"minecraft:cobblestone":2,"minecraft:sugar_cane":11,"minecraft:composter":1,"minecraft:oxeye_daisy":1,"minecraft:white_terracotta":12,"minecraft:furnace":7,"minecraft:iron_ore":49,"minecraft:fire":2,"minecraft:birch_log":20,"minecraft:cobbled_deepslate":4,"minecraft:birch_leaves":2,"minecraft:deepslate_lapis_ore":4,"minecraft:yellow_bed":12,"minecraft:azure_bluet":1,"minecraft:oak_log":5,"minecraft:deepslate_iron_ore":27,"minecraft:sunflower":1,"minecraft:dripstone_block":2,"minecraft:dirt":176,"minecraft:bamboo":1,"minecraft:stone":36,"minecraft:oak_leaves":3,"minecraft:deepslate":17,"minecraft:fern":2},"minecraft:used":{"minecraft:cooked_mutton":6,"minecraft:water_bucket":45,"minecraft:enchanting_table":1,"minecraft:iron_shovel":237,"minecraft:stone_pickaxe":54,"minecraft:ladder":2,"minecraft:chest":1,"minecraft:wooden_pickaxe":8,"minecraft:birch_boat":3,"minecraft:shield":7,"minecraft:iron_chestplate":1,"minecraft:dirt":79,"minecraft:crafting_table":6,"minecraft:white_bed":4,"minecraft:diamond_pickaxe":78,"minecraft:lava_bucket":1,"minecraft:bread":3,"minecraft:iron_axe":15,"minecraft:iron_pickaxe":43,"minecraft:iron_boots":1,"minecraft:stone_axe":89,"minecraft:bamboo":4,"minecraft:cobblestone":12,"minecraft:furnace":9,"minecraft:bucket":47,"minecraft:yellow_bed":12,"minecraft:oak_boat":8,"minecraft:egg":2,"minecraft:cooked_beef":9,"minecraft:cobbled_deepslate":19,"minecraft:iron_leggings":1},"minecraft:picked_up":{"minecraft:birch_log":20,"minecraft:crafting_table":5,"minecraft:azure_bluet":3,"minecraft:feather":2,"minecraft:chicken":2,"minecraft:leather":9,"minecraft:birch_planks":96,"minecraft:oak_log":5,"minecraft:yellow_bed":12,"minecraft:lapis_lazuli":34,"minecraft:dirt":244,"minecraft:bone":3,"minecraft:wheat_seeds":15,"minecraft:cobbled_deepslate":19,"minecraft:iron_ingot":1,"minecraft:beef":26,"minecraft:oak_boat":8,"minecraft:bamboo":4,"minecraft:lectern":1,"minecraft:sugar_cane":30,"minecraft:birch_sapling":4,"minecraft:furnace":7,"minecraft:egg":2,"minecraft:stick":3,"minecraft:raw_iron":78,"minecraft:birch_boat":2,"minecraft:composter":1,"minecraft:dandelion":4,"minecraft:dripstone_block":2,"minecraft:porkchop":4,"minecraft:pointed_dripstone":8,"minecraft:white_bed":3,"minecraft:redstone":18,"minecraft:arrow":3,"minecraft:rotten_flesh":9,"minecraft:diamond":6,"minecraft:white_terracotta":12,"minecraft:oxeye_daisy":2,"minecraft:obsidian":4,"minecraft:mutton":17,"minecraft:white_wool":12,"minecraft:cobblestone":37,"minecraft:sunflower":1},"minecraft:broken":{"minecraft:stone_axe":1},"minecraft:killed":{"minecraft:pig":2,"minecraft:skeleton":4,"minecraft:sheep":12,"minecraft:zombie":4,"minecraft:chicken":2,"minecraft:cow":13},"minecraft:dropped":{"minecraft:wheat_seeds":15,"minecraft:birch_sapling":4,"minecraft:rotten_flesh":9,"minecraft:azure_bluet":2,"minecraft:oxeye_daisy":2,"minecraft:dirt":1,"minecraft:ladder":1},"minecraft:crafted":{"minecraft:cooked_beef":9,"minecraft:oak_planks":20,"minecraft:cooked_porkchop":4,"minecraft:crafting_table":2,"minecraft:enchanting_table":1,"minecraft:birch_boat":1,"minecraft:wooden_pickaxe":1,"minecraft:furnace":2,"minecraft:bucket":1,"minecraft:birch_planks":80,"minecraft:stone_axe":1,"minecraft:cooked_mutton":6,"minecraft:air":0,"minecraft:oak_boat":1,"minecraft:book":1,"minecraft:paper":3,"minecraft:iron_boots":1,"minecraft:iron_chestplate":1,"minecraft:diamond_pickaxe":1,"minecraft:shield":1,"minecraft:iron_axe":1,"minecraft:ladder":3,"minecraft:stick":20,"minecraft:iron_ingot":46,"minecraft:iron_pickaxe":1,"minecraft:stone_pickaxe":1,"minecraft:chest":1,"minecraft:iron_shovel":1,"minecraft:iron_leggings":1,"minecraft:white_bed":1},"minecraft:custom":{"minecraft:interact_with_furnace":66,"minecraft:mob_kills":37,"minecraft:interact_with_crafting_table":26,"minecraft:leave_game":1,"minecraft:time_since_death":75157,"minecraft:climb_one_cm":4264,"minecraft:sleep_in_bed":3,"minecraft:time_since_rest":7197,"minecraft:sprint_one_cm":197118,"minecraft:damage_taken":750,"minecraft:walk_one_cm":128158,"minecraft:damage_blocked_by_shield":200,"minecraft:drop":14,"minecraft:damage_dealt":4211,"minecraft:swim_one_cm":46384,"minecraft:talked_to_villager":1,"minecraft:fly_one_cm":421059,"minecraft:open_chest":18,"minecraft:crouch_one_cm":9444,"minecraft:play_time":75157,"minecraft:sneak_time":3501,"minecraft:walk_under_water_one_cm":9853,"minecraft:boat_one_cm":102057,"minecraft:jump":2081,"minecraft:walk_on_water_one_cm":14254,"minecraft:total_world_time":75157,"minecraft:fall_one_cm":65215}},"DataVersion":3953}