{"stats":{"minecraft:mined":{"minecraft:deepslate_redstone_ore":4,"minecraft:white_bed":2,"minecraft:deepslate_diamond_ore":6,"minecraft:obsidian":4,"minecraft:crafting_table":5,"minecraft:short_grass":32,"minecraft:grass_block":61,"minecraft:tall_grass":6,"minecraft:cobblestone":2,"minecraft:sugar_cane":11,"minecraft:furnace":7,"minecraft:cobbled_deepslate":4,"minecraft:birch_log":20,"minecraft:iron_ore":49,"minecraft:fire":2,"minecraft:birch_leaves":2,"minecraft:deepslate_lapis_ore":4,"minecraft:yellow_bed":11,"minecraft:oak_log":1,"minecraft:deepslate_iron_ore":27,"minecraft:sunflower":1,"minecraft:dirt":117,"minecraft:dripstone_block":2,"minecraft:bamboo":1,"minecraft:stone":36,"minecraft:oak_leaves":3,"minecraft:deepslate":17,"minecraft:fern":2},"minecraft:used":{"minecraft:cooked_mutton":6,"minecraft:water_bucket":45,"minecraft:iron_shovel":169,"minecraft:stone_pickaxe":54,"minecraft:chest":1,"minecraft:wooden_pickaxe":8,"minecraft:birch_boat":3,"minecraft:shield":7,"minecraft:iron_chestplate":1,"minecraft:dirt":10,"minecraft:crafting_table":5,"minecraft:white_bed":3,"minecraft:diamond_pickaxe":64,"minecraft:lava_bucket":1,"minecraft:iron_axe":6,"minecraft:iron_pickaxe":43,"minecraft:iron_boots":1,"minecraft:bamboo":4,"minecraft:stone_axe":89,"minecraft:cobblestone":12,"minecraft:furnace":9,"minecraft:bucket":47,"minecraft:yellow_bed":11,"minecraft:egg":2,"minecraft:cooked_beef":9,"minecraft:cobbled_deepslate":19,"minecraft:iron_leggings":1},"minecraft:picked_up":{"minecraft:birch_log":20,"minecraft:crafting_table":5,"minecraft:feather":2,"minecraft:chicken":2,"minecraft:leather":9,"minecraft:birch_planks":96,"minecraft:oak_log":1,"minecraft:yellow_bed":11,"minecraft:lapis_lazuli":34,"minecraft:dirt":177,"minecraft:bone":3,"minecraft:wheat_seeds":5,"minecraft:cobbled_deepslate":19,"minecraft:iron_ingot":1,"minecraft:beef":26,"minecraft:bamboo":4,"minecraft:sugar_cane":30,"minecraft:birch_sapling":4,"minecraft:egg":2,"minecraft:furnace":7,"minecraft:stick":3,"minecraft:raw_iron":78,"minecraft:birch_boat":2,"minecraft:dripstone_block":2,"minecraft:porkchop":4,"minecraft:pointed_dripstone":8,"minecraft:white_bed":2,"minecraft:redstone":18,"minecraft:arrow":3,"minecraft:rotten_flesh":5,"minecraft:diamond":6,"minecraft:obsidian":4,"minecraft:mutton":17,"minecraft:white_wool":12,"minecraft:cobblestone":37,"minecraft:sunflower":1},"minecraft:broken":{"minecraft:stone_axe":1},"minecraft:killed":{"minecraft:pig":2,"minecraft:skeleton":4,"minecraft:sheep":12,"minecraft:zombie":4,"minecraft:chicken":2,"minecraft:cow":13},"minecraft:dropped":{"minecraft:wheat_seeds":2,"minecraft:birch_sapling":4,"minecraft:rotten_flesh":5},"minecraft:crafted":{"minecraft:cooked_beef":9,"minecraft:oak_planks":4,"minecraft:cooked_porkchop":4,"minecraft:crafting_table":1,"minecraft:birch_boat":1,"minecraft:wooden_pickaxe":1,"minecraft:furnace":2,"minecraft:bucket":1,"minecraft:birch_planks":80,"minecraft:stone_axe":1,"minecraft:cooked_mutton":6,"minecraft:air":0,"minecraft:diamond_pickaxe":1,"minecraft:iron_boots":1,"minecraft:iron_chestplate":1,"minecraft:shield":1,"minecraft:iron_axe":1,"minecraft:stick":12,"minecraft:iron_ingot":36,"minecraft:iron_pickaxe":1,"minecraft:stone_pickaxe":1,"minecraft:iron_shovel":1,"minecraft:chest":1,"minecraft:iron_leggings":1,"minecraft:white_bed":1},"minecraft:custom":{"minecraft:interact_with_furnace":57,"minecraft:mob_kills":37,"minecraft:interact_with_crafting_table":22,"minecraft:time_since_death":58705,"minecraft:sleep_in_bed":2,"minecraft:climb_one_cm":1964,"minecraft:time_since_rest":4076,"minecraft:sprint_one_cm":167623,"minecraft:damage_taken":677,"minecraft:walk_one_cm":92100,"minecraft:damage_blocked_by_shield":200,"minecraft:drop":3,"minecraft:damage_dealt":4121,"minecraft:swim_one_cm":46384,"minecraft:fly_one_cm":357660,"minecraft:open_chest":7,"minecraft:crouch_one_cm":8041,"minecraft:play_time":58705,"minecraft:sneak_time":3163,"minecraft:walk_under_water_one_cm":9853,"minecraft:boat_one_cm":74758,"minecraft:jump":1771,"minecraft:walk_on_water_one_cm":14201,"minecraft:total_world_time":58705,"minecraft:fall_one_cm":57828}},"DataVersion":3953}