{"stats":{"minecraft:killed":{"minecraft:witch":1,"minecraft:spider":4,"minecraft:skeleton":20,"minecraft:creeper":2,"minecraft:sheep":6,"minecraft:zombie":18,"minecraft:player":1,"minecraft:cow":4,"minecraft:enderman":1},"minecraft:custom":{"minecraft:mob_kills":57,"minecraft:interact_with_crafting_table":28,"minecraft:leave_game":15,"minecraft:time_since_death":50402,"minecraft:climb_one_cm":3454,"minecraft:sprint_one_cm":327210,"minecraft:walk_one_cm":502336,"minecraft:damage_blocked_by_shield":2073,"minecraft:drop":46,"minecraft:play_time":248594,"minecraft:deaths":7,"minecraft:sneak_time":13714,"minecraft:walk_under_water_one_cm":26113,"minecraft:boat_one_cm":48889,"minecraft:jump":4047,"minecraft:walk_on_water_one_cm":24984,"minecraft:total_world_time":248594,"minecraft:interact_with_furnace":31,"minecraft:tune_noteblock":3,"minecraft:sleep_in_bed":5,"minecraft:time_since_rest":10053,"minecraft:damage_taken":3623,"minecraft:damage_dealt":10297,"minecraft:swim_one_cm":61597,"minecraft:fly_one_cm":384032,"minecraft:player_kills":1,"minecraft:open_chest":13,"minecraft:crouch_one_cm":22785,"minecraft:fall_one_cm":94417},"minecraft:crafted":{"minecraft:birch_boat":1,"minecraft:birch_slab":6,"minecraft:furnace":2,"minecraft:cooked_mutton":7,"minecraft:diamond_helmet":1,"minecraft:diamond_leggings":1,"minecraft:iron_axe":1,"minecraft:stone_pickaxe":1,"minecraft:diamond_boots":1,"minecraft:wheat":153,"minecraft:cooked_beef":4,"minecraft:crafting_table":2,"minecraft:wooden_pickaxe":1,"minecraft:bucket":1,"minecraft:birch_planks":48,"minecraft:stone_axe":1,"minecraft:bread":51,"minecraft:air":0,"minecraft:diamond_pickaxe":1,"minecraft:shield":1,"minecraft:stick":12,"minecraft:iron_ingot":10,"minecraft:iron_pickaxe":1,"minecraft:white_bed":2,"minecraft:diamond_chestplate":1},"minecraft:used":{"minecraft:beetroot":4,"minecraft:oak_trapdoor":1,"minecraft:flint_and_steel":3,"minecraft:redstone":6,"minecraft:shield":62,"minecraft:rotten_flesh":8,"minecraft:dirt":39,"minecraft:carrot":7,"minecraft:diamond_helmet":1,"minecraft:tuff":5,"minecraft:obsidian":16,"minecraft:iron_axe":71,"minecraft:grass_block":14,"minecraft:diamond_chestplate":3,"minecraft:golden_carrot":1,"minecraft:magma_block":5,"minecraft:bow":8,"minecraft:furnace":4,"minecraft:cooked_beef":5,"minecraft:cobbled_deepslate":155,"minecraft:cooked_mutton":7,"minecraft:water_bucket":28,"minecraft:diamond_boots":1,"minecraft:birch_planks":22,"minecraft:powered_rail":3,"minecraft:stone_pickaxe":129,"minecraft:wooden_pickaxe":22,"minecraft:birch_boat":2,"minecraft:sand":1,"minecraft:comparator":1,"minecraft:crafting_table":10,"minecraft:white_bed":2,"minecraft:note_block":2,"minecraft:redstone_torch":2,"minecraft:diamond_pickaxe":90,"minecraft:bread":23,"minecraft:iron_pickaxe":248,"minecraft:stone_axe":73,"minecraft:cobblestone":94,"minecraft:bucket":29,"minecraft:birch_log":1,"minecraft:diamond_leggings":1},"minecraft:broken":{"minecraft:stone_axe":1,"minecraft:iron_pickaxe":1},"minecraft:dropped":{"minecraft:wheat_seeds":3,"minecraft:diamond":16,"minecraft:diamond_leggings":1,"minecraft:amethyst_block":1,"minecraft:leather":2,"minecraft:grass_block":1,"minecraft:dirt":1,"minecraft:iron_pickaxe":1,"minecraft:string":2,"minecraft:redstone":3,"minecraft:gravel":1,"minecraft:note_block":1,"minecraft:oak_trapdoor":1,"minecraft:obsidian":1,"minecraft:rotten_flesh":4,"minecraft:iron_boots":1,"minecraft:comparator":1,"minecraft:white_bed":1,"minecraft:flint_and_steel":1,"minecraft:andesite":1,"minecraft:redstone_torch":1,"minecraft:birch_boat":1,"minecraft:powered_rail":1,"minecraft:raw_gold":6},"minecraft:mined":{"minecraft:tuff":14,"minecraft:white_bed":2,"minecraft:deepslate_diamond_ore":39,"minecraft:obsidian":9,"minecraft:cave_vines_plant":1,"minecraft:granite":14,"minecraft:grass_block":16,"minecraft:moss_block":1,"minecraft:hay_block":17,"minecraft:spore_blossom":1,"minecraft:magma_block":7,"minecraft:sculk_catalyst":1,"minecraft:furnace":3,"minecraft:carrots":3,"minecraft:iron_ore":8,"minecraft:cobbled_deepslate":4,"minecraft:andesite":24,"minecraft:deepslate_lapis_ore":1,"minecraft:sculk_shrieker":1,"minecraft:pointed_dripstone":1,"minecraft:azalea":1,"minecraft:stone":163,"minecraft:flowering_azalea":1,"minecraft:amethyst_cluster":1,"minecraft:crafting_table":8,"minecraft:clay":10,"minecraft:short_grass":7,"minecraft:calcite":1,"minecraft:tall_grass":3,"minecraft:cobblestone":1,"minecraft:deepslate_gold_ore":8,"minecraft:diorite":2,"minecraft:amethyst_block":1,"minecraft:deepslate_copper_ore":1,"minecraft:birch_log":13,"minecraft:birch_leaves":12,"minecraft:coal_ore":4,"minecraft:dripstone_block":2,"minecraft:gravel":2,"minecraft:sand":1,"minecraft:dirt":29,"minecraft:gray_carpet":1,"minecraft:deepslate":174},"minecraft:picked_up":{"minecraft:crafting_table":11,"minecraft:clay_ball":160,"minecraft:potion":1,"minecraft:shield":4,"minecraft:amethyst_block":1,"minecraft:oak_trapdoor":1,"minecraft:string":10,"minecraft:raw_copper":2,"minecraft:iron_axe":4,"minecraft:flint_and_steel":1,"minecraft:beetroot":4,"minecraft:diamond_leggings":1,"minecraft:cobbled_deepslate":248,"minecraft:comparator":1,"minecraft:beef":11,"minecraft:redstone_torch":1,"minecraft:calcite":1,"minecraft:azalea":1,"minecraft:iron_pickaxe":5,"minecraft:iron_boots":1,"minecraft:furnace":6,"minecraft:stick":5,"minecraft:raw_iron":9,"minecraft:note_block":1,"minecraft:diorite":8,"minecraft:carrot":17,"minecraft:redstone":37,"minecraft:arrow":66,"minecraft:diamond_chestplate":4,"minecraft:rotten_flesh":17,"minecraft:hay_block":17,"minecraft:obsidian":46,"minecraft:mutton":7,"minecraft:cobblestone":344,"minecraft:white_wool":20,"minecraft:oxeye_daisy":1,"minecraft:birch_log":13,"minecraft:magma_block":7,"minecraft:cooked_beef":3,"minecraft:birch_slab":16,"minecraft:water_bucket":4,"minecraft:andesite":25,"minecraft:leather":2,"minecraft:birch_planks":106,"minecraft:tuff":25,"minecraft:gunpowder":8,"minecraft:lapis_lazuli":24,"minecraft:dirt":50,"minecraft:bone":44,"minecraft:bow":4,"minecraft:wheat_seeds":3,"minecraft:raw_gold":46,"minecraft:spore_blossom":1,"minecraft:stone_pickaxe":3,"minecraft:glass_bottle":4,"minecraft:powered_rail":1,"minecraft:flowering_azalea":1,"minecraft:birch_boat":6,"minecraft:dripstone_block":8,"minecraft:gravel":9,"minecraft:sand":1,"minecraft:amethyst_shard":4,"minecraft:white_bed":3,"minecraft:grass_block":2,"minecraft:sugar":4,"minecraft:diamond":62,"minecraft:granite":24,"minecraft:gray_wool":4,"minecraft:bread":47,"minecraft:coal":5,"minecraft:diamond_pickaxe":4},"minecraft:killed_by":{"minecraft:player":2}},"DataVersion":3953}