{"stats":{"minecraft:mined":{"minecraft:birch_log":1,"minecraft:grass_block":4},"minecraft:picked_up":{"minecraft:birch_log":1,"minecraft:dirt":4},"minecraft:used":{"minecraft:birch_log":1,"minecraft:dirt":4},"minecraft:custom":{"minecraft:jump":118,"minecraft:crouch_one_cm":103,"minecraft:leave_game":1,"minecraft:play_time":4781,"minecraft:sprint_one_cm":7478,"minecraft:time_since_death":4781,"minecraft:walk_one_cm":6131,"minecraft:sneak_time":58,"minecraft:total_world_time":4781,"minecraft:fall_one_cm":2301,"minecraft:fly_one_cm":15873,"minecraft:time_since_rest":4781}},"DataVersion":3953}