{"stats":{"minecraft:killed":{"minecraft:witch":1,"minecraft:spider":4,"minecraft:skeleton":13,"minecraft:creeper":1,"minecraft:sheep":6,"minecraft:zombie":14,"minecraft:player":1,"minecraft:cow":4,"minecraft:enderman":1},"minecraft:custom":{"minecraft:mob_kills":45,"minecraft:interact_with_crafting_table":23,"minecraft:leave_game":14,"minecraft:time_since_death":8626,"minecraft:climb_one_cm":2090,"minecraft:sprint_one_cm":250829,"minecraft:walk_one_cm":409783,"minecraft:damage_blocked_by_shield":1890,"minecraft:drop":20,"minecraft:play_time":206818,"minecraft:deaths":7,"minecraft:sneak_time":9093,"minecraft:walk_under_water_one_cm":15842,"minecraft:boat_one_cm":48889,"minecraft:jump":3041,"minecraft:walk_on_water_one_cm":14357,"minecraft:total_world_time":206818,"minecraft:interact_with_furnace":31,"minecraft:tune_noteblock":3,"minecraft:sleep_in_bed":3,"minecraft:time_since_rest":3325,"minecraft:damage_taken":2815,"minecraft:damage_dealt":8296,"minecraft:swim_one_cm":26131,"minecraft:fly_one_cm":279914,"minecraft:player_kills":1,"minecraft:open_chest":7,"minecraft:crouch_one_cm":14687,"minecraft:fall_one_cm":65201},"minecraft:crafted":{"minecraft:birch_boat":1,"minecraft:birch_slab":6,"minecraft:furnace":2,"minecraft:cooked_mutton":7,"minecraft:diamond_leggings":1,"minecraft:iron_axe":1,"minecraft:stone_pickaxe":1,"minecraft:wheat":153,"minecraft:cooked_beef":4,"minecraft:crafting_table":1,"minecraft:wooden_pickaxe":1,"minecraft:bucket":1,"minecraft:birch_planks":48,"minecraft:stone_axe":1,"minecraft:bread":51,"minecraft:air":0,"minecraft:diamond_pickaxe":1,"minecraft:shield":1,"minecraft:stick":12,"minecraft:iron_ingot":10,"minecraft:iron_pickaxe":1,"minecraft:diamond_chestplate":1},"minecraft:used":{"minecraft:beetroot":4,"minecraft:oak_trapdoor":1,"minecraft:flint_and_steel":3,"minecraft:redstone":6,"minecraft:shield":56,"minecraft:rotten_flesh":8,"minecraft:dirt":39,"minecraft:carrot":7,"minecraft:obsidian":16,"minecraft:grass_block":14,"minecraft:iron_axe":38,"minecraft:diamond_chestplate":3,"minecraft:magma_block":2,"minecraft:bow":8,"minecraft:furnace":4,"minecraft:cooked_beef":5,"minecraft:cobbled_deepslate":68,"minecraft:cooked_mutton":7,"minecraft:water_bucket":15,"minecraft:birch_planks":10,"minecraft:stone_pickaxe":129,"minecraft:powered_rail":3,"minecraft:birch_boat":2,"minecraft:wooden_pickaxe":22,"minecraft:sand":1,"minecraft:comparator":1,"minecraft:crafting_table":6,"minecraft:note_block":2,"minecraft:redstone_torch":2,"minecraft:diamond_pickaxe":13,"minecraft:bread":6,"minecraft:iron_pickaxe":137,"minecraft:stone_axe":73,"minecraft:cobblestone":29,"minecraft:birch_log":1,"minecraft:bucket":16,"minecraft:diamond_leggings":1},"minecraft:broken":{"minecraft:stone_axe":1},"minecraft:dropped":{"minecraft:leather":2,"minecraft:dirt":1,"minecraft:iron_pickaxe":1,"minecraft:redstone":3,"minecraft:note_block":1,"minecraft:oak_trapdoor":1,"minecraft:obsidian":1,"minecraft:rotten_flesh":4,"minecraft:iron_boots":1,"minecraft:comparator":1,"minecraft:flint_and_steel":1,"minecraft:redstone_torch":1,"minecraft:birch_boat":1,"minecraft:powered_rail":1},"minecraft:mined":{"minecraft:tuff":6,"minecraft:deepslate_diamond_ore":18,"minecraft:obsidian":9,"minecraft:granite":8,"minecraft:grass_block":16,"minecraft:hay_block":17,"minecraft:magma_block":4,"minecraft:furnace":3,"minecraft:carrots":3,"minecraft:iron_ore":8,"minecraft:andesite":24,"minecraft:deepslate_lapis_ore":1,"minecraft:pointed_dripstone":1,"minecraft:stone":112,"minecraft:crafting_table":5,"minecraft:clay":10,"minecraft:short_grass":6,"minecraft:tall_grass":3,"minecraft:cobblestone":1,"minecraft:deepslate_gold_ore":8,"minecraft:diorite":2,"minecraft:birch_log":13,"minecraft:birch_leaves":12,"minecraft:coal_ore":4,"minecraft:dripstone_block":2,"minecraft:gravel":1,"minecraft:sand":1,"minecraft:dirt":27,"minecraft:deepslate":87},"minecraft:picked_up":{"minecraft:crafting_table":8,"minecraft:clay_ball":160,"minecraft:shield":4,"minecraft:oak_trapdoor":1,"minecraft:string":10,"minecraft:iron_axe":4,"minecraft:flint_and_steel":1,"minecraft:beetroot":4,"minecraft:diamond_leggings":1,"minecraft:cobbled_deepslate":148,"minecraft:comparator":1,"minecraft:beef":11,"minecraft:redstone_torch":1,"minecraft:iron_pickaxe":5,"minecraft:iron_boots":1,"minecraft:furnace":6,"minecraft:stick":5,"minecraft:raw_iron":9,"minecraft:note_block":1,"minecraft:diorite":8,"minecraft:carrot":17,"minecraft:redstone":37,"minecraft:arrow":61,"minecraft:diamond_chestplate":4,"minecraft:rotten_flesh":12,"minecraft:hay_block":17,"minecraft:mutton":7,"minecraft:obsidian":46,"minecraft:white_wool":20,"minecraft:cobblestone":321,"minecraft:oxeye_daisy":1,"minecraft:birch_log":13,"minecraft:magma_block":4,"minecraft:cooked_beef":3,"minecraft:water_bucket":4,"minecraft:birch_slab":16,"minecraft:andesite":24,"minecraft:leather":2,"minecraft:birch_planks":106,"minecraft:tuff":20,"minecraft:gunpowder":8,"minecraft:lapis_lazuli":24,"minecraft:dirt":48,"minecraft:bone":40,"minecraft:bow":4,"minecraft:wheat_seeds":2,"minecraft:raw_gold":40,"minecraft:stone_pickaxe":3,"minecraft:glass_bottle":4,"minecraft:powered_rail":1,"minecraft:birch_boat":6,"minecraft:dripstone_block":8,"minecraft:gravel":3,"minecraft:sand":1,"minecraft:grass_block":2,"minecraft:sugar":4,"minecraft:diamond":36,"minecraft:granite":24,"minecraft:gray_wool":4,"minecraft:bread":47,"minecraft:coal":5,"minecraft:diamond_pickaxe":4},"minecraft:killed_by":{"minecraft:player":2}},"DataVersion":3953}