{"stats":{"minecraft:mined":{"minecraft:tuff":14,"minecraft:white_bed":6,"minecraft:deepslate_diamond_ore":39,"minecraft:obsidian":9,"minecraft:cave_vines_plant":1,"minecraft:granite":15,"minecraft:grass_block":23,"minecraft:moss_block":1,"minecraft:hay_block":26,"minecraft:spore_blossom":1,"minecraft:magma_block":7,"minecraft:sculk_catalyst":1,"minecraft:furnace":3,"minecraft:carrots":3,"minecraft:iron_ore":8,"minecraft:cobbled_deepslate":4,"minecraft:andesite":37,"minecraft:moss_carpet":1,"minecraft:pumpkin":1,"minecraft:deepslate_lapis_ore":1,"minecraft:sculk_shrieker":1,"minecraft:potatoes":1,"minecraft:pointed_dripstone":1,"minecraft:azalea":1,"minecraft:stone":247,"minecraft:deepslate_redstone_ore":1,"minecraft:flowering_azalea":1,"minecraft:amethyst_cluster":1,"minecraft:dandelion":1,"minecraft:clay":32,"minecraft:crafting_table":8,"minecraft:short_grass":49,"minecraft:calcite":1,"minecraft:tall_grass":7,"minecraft:cobblestone":2,"minecraft:deepslate_gold_ore":8,"minecraft:oak_planks":30,"minecraft:diorite":2,"minecraft:amethyst_block":1,"minecraft:deepslate_copper_ore":1,"minecraft:birch_planks":2,"minecraft:birch_log":13,"minecraft:spruce_log":3,"minecraft:birch_leaves":12,"minecraft:oak_log":13,"minecraft:coal_ore":4,"minecraft:gravel":2,"minecraft:sand":1,"minecraft:dripstone_block":2,"minecraft:dirt":36,"minecraft:gray_carpet":1,"minecraft:deepslate":180},"minecraft:killed_by":{"minecraft:player":2},"minecraft:custom":{"minecraft:mob_kills":66,"minecraft:interact_with_crafting_table":32,"minecraft:leave_game":21,"minecraft:time_since_death":172505,"minecraft:climb_one_cm":5027,"minecraft:sprint_one_cm":469223,"minecraft:walk_one_cm":636858,"minecraft:damage_blocked_by_shield":2083,"minecraft:drop":81,"minecraft:talked_to_villager":2,"minecraft:play_time":370697,"minecraft:deaths":7,"minecraft:sneak_time":15905,"minecraft:walk_under_water_one_cm":34989,"minecraft:boat_one_cm":68075,"minecraft:jump":5794,"minecraft:walk_on_water_one_cm":35751,"minecraft:total_world_time":370697,"minecraft:interact_with_furnace":32,"minecraft:tune_noteblock":3,"minecraft:sleep_in_bed":12,"minecraft:time_since_rest":3542,"minecraft:damage_taken":4410,"minecraft:damage_dealt":12324,"minecraft:swim_one_cm":71602,"minecraft:player_kills":2,"minecraft:fly_one_cm":650795,"minecraft:open_chest":33,"minecraft:crouch_one_cm":29481,"minecraft:fall_one_cm":143299},"minecraft:broken":{"minecraft:stone_axe":1,"minecraft:iron_pickaxe":1},"minecraft:crafted":{"minecraft:oak_planks":56,"minecraft:birch_boat":1,"minecraft:birch_slab":6,"minecraft:furnace":2,"minecraft:bone_meal":12,"minecraft:cooked_mutton":7,"minecraft:diamond_helmet":1,"minecraft:diamond_leggings":1,"minecraft:iron_axe":1,"minecraft:stone_pickaxe":1,"minecraft:chest":2,"minecraft:diamond_boots":1,"minecraft:wheat":153,"minecraft:cooked_beef":16,"minecraft:crafting_table":5,"minecraft:spruce_planks":12,"minecraft:wooden_pickaxe":1,"minecraft:bucket":1,"minecraft:birch_planks":48,"minecraft:stone_axe":1,"minecraft:bread":51,"minecraft:air":0,"minecraft:oak_boat":2,"minecraft:diamond_pickaxe":1,"minecraft:shield":1,"minecraft:stick":12,"minecraft:iron_ingot":10,"minecraft:iron_pickaxe":1,"minecraft:snow_block":2,"minecraft:white_bed":3,"minecraft:diamond_chestplate":1},"minecraft:dropped":{"minecraft:iron_sword":1,"minecraft:birch_planks":2,"minecraft:wheat_seeds":4,"minecraft:diamond":16,"minecraft:diamond_leggings":1,"minecraft:cobblestone":5,"minecraft:amethyst_block":1,"minecraft:leather":3,"minecraft:grass_block":1,"minecraft:music_disc_13":1,"minecraft:oxeye_daisy":2,"minecraft:dirt":1,"minecraft:potion":1,"minecraft:bone_meal":8,"minecraft:iron_pickaxe":1,"minecraft:string":2,"minecraft:dandelion":1,"minecraft:redstone":3,"minecraft:gravel":1,"minecraft:note_block":1,"minecraft:oak_trapdoor":1,"minecraft:raw_copper":2,"minecraft:obsidian":1,"minecraft:rotten_flesh":9,"minecraft:iron_boots":2,"minecraft:comparator":1,"minecraft:white_bed":1,"minecraft:chainmail_chestplate":12,"minecraft:flint_and_steel":1,"minecraft:poppy":2,"minecraft:andesite":1,"minecraft:redstone_torch":1,"minecraft:birch_boat":1,"minecraft:powered_rail":1,"minecraft:raw_gold":6,"minecraft:magma_block":2},"minecraft:used":{"minecraft:azalea":1,"minecraft:beetroot":4,"minecraft:oak_trapdoor":1,"minecraft:flint_and_steel":4,"minecraft:redstone":6,"minecraft:chest":2,"minecraft:shield":63,"minecraft:white_terracotta":3,"minecraft:iron_sword":29,"minecraft:rotten_flesh":8,"minecraft:dirt":52,"minecraft:carrot":7,"minecraft:diamond_helmet":1,"minecraft:cod_bucket":1,"minecraft:tuff":5,"minecraft:axolotl_bucket":31,"minecraft:obsidian":28,"minecraft:flowering_azalea":1,"minecraft:iron_axe":131,"minecraft:grass_block":14,"minecraft:diamond_chestplate":3,"minecraft:golden_carrot":1,"minecraft:magma_block":5,"minecraft:bow":8,"minecraft:furnace":4,"minecraft:cooked_beef":5,"minecraft:cobbled_deepslate":174,"minecraft:calcite":1,"minecraft:cooked_mutton":7,"minecraft:water_bucket":36,"minecraft:diamond_boots":1,"minecraft:snow_block":2,"minecraft:birch_planks":24,"minecraft:stone_pickaxe":129,"minecraft:powered_rail":3,"minecraft:oak_planks":63,"minecraft:wooden_pickaxe":22,"minecraft:birch_boat":2,"minecraft:sand":1,"minecraft:comparator":1,"minecraft:crafting_table":13,"minecraft:white_bed":7,"minecraft:note_block":2,"minecraft:redstone_torch":2,"minecraft:diamond_pickaxe":203,"minecraft:bread":48,"minecraft:iron_pickaxe":249,"minecraft:spore_blossom":1,"minecraft:gravel":2,"minecraft:stone_axe":73,"minecraft:cobblestone":165,"minecraft:andesite":12,"minecraft:bucket":69,"minecraft:birch_log":1,"minecraft:oak_boat":2,"minecraft:dandelion":1,"minecraft:diamond_leggings":1,"minecraft:bone_meal":4},"minecraft:picked_up":{"minecraft:crafting_table":11,"minecraft:clay_ball":160,"minecraft:lead":4,"minecraft:potion":1,"minecraft:shield":5,"minecraft:amethyst_block":1,"minecraft:string":923,"minecraft:oak_trapdoor":1,"minecraft:raw_copper":2,"minecraft:iron_axe":4,"minecraft:flint_and_steel":1,"minecraft:beetroot":4,"minecraft:diamond_leggings":1,"minecraft:cobbled_deepslate":254,"minecraft:comparator":1,"minecraft:spruce_planks":9,"minecraft:beef":11,"minecraft:redstone_torch":1,"minecraft:calcite":1,"minecraft:azalea":1,"minecraft:poppy":2,"minecraft:iron_pickaxe":5,"minecraft:iron_boots":2,"minecraft:furnace":6,"minecraft:stick":5,"minecraft:raw_iron":9,"minecraft:note_block":1,"minecraft:diorite":8,"minecraft:carrot":17,"minecraft:redstone":37,"minecraft:arrow":67,"minecraft:rotten_flesh":19,"minecraft:diamond_chestplate":4,"minecraft:pumpkin_pie":47,"minecraft:diamond_boots":1,"minecraft:hay_block":26,"minecraft:white_terracotta":3,"minecraft:obsidian":46,"minecraft:mutton":7,"minecraft:white_wool":20,"minecraft:cobblestone":398,"minecraft:oxeye_daisy":3,"minecraft:stripped_oak_log":1,"minecraft:birch_log":13,"minecraft:magma_block":7,"minecraft:cooked_beef":9,"minecraft:golden_carrot":28,"minecraft:birch_slab":16,"minecraft:water_bucket":4,"minecraft:andesite":37,"minecraft:leather":3,"minecraft:potato":57,"minecraft:birch_planks":107,"minecraft:tuff":25,"minecraft:oak_log":13,"minecraft:chainmail_chestplate":12,"minecraft:gunpowder":8,"minecraft:lapis_lazuli":24,"minecraft:dirt":63,"minecraft:bone":48,"minecraft:bow":4,"minecraft:wheat_seeds":5,"minecraft:raw_gold":46,"minecraft:spore_blossom":1,"minecraft:iron_ingot":3,"minecraft:stone_pickaxe":3,"minecraft:glass_bottle":4,"minecraft:powered_rail":1,"minecraft:stone_hoe":1,"minecraft:iron_sword":2,"minecraft:oak_planks":28,"minecraft:flowering_azalea":1,"minecraft:pumpkin":1,"minecraft:birch_boat":6,"minecraft:music_disc_13":1,"minecraft:dandelion":2,"minecraft:dripstone_block":8,"minecraft:gravel":9,"minecraft:sand":1,"minecraft:amethyst_shard":4,"minecraft:grass_block":2,"minecraft:white_bed":7,"minecraft:spruce_log":3,"minecraft:sugar":4,"minecraft:diamond":62,"minecraft:iron_helmet":1,"minecraft:granite":24,"minecraft:gray_wool":4,"minecraft:bread":47,"minecraft:coal":5,"minecraft:diamond_pickaxe":5},"minecraft:killed":{"minecraft:witch":1,"minecraft:spider":4,"minecraft:skeleton":23,"minecraft:wandering_trader":2,"minecraft:creeper":2,"minecraft:sheep":6,"minecraft:trader_llama":1,"minecraft:zombie":20,"minecraft:player":2,"minecraft:enderman":2,"minecraft:cow":4}},"DataVersion":3953}