{"stats":{"minecraft:mined":{"minecraft:birch_log":1,"minecraft:grass_block":2},"minecraft:picked_up":{"minecraft:dirt":2,"minecraft:birch_log":1},"minecraft:used":{"minecraft:birch_log":1,"minecraft:dirt":2},"minecraft:custom":{"minecraft:jump":59,"minecraft:time_since_rest":1387,"minecraft:leave_game":1,"minecraft:crouch_one_cm":103,"minecraft:sprint_one_cm":3024,"minecraft:play_time":1387,"minecraft:time_since_death":1387,"minecraft:walk_one_cm":2797,"minecraft:sneak_time":58,"minecraft:total_world_time":1387,"minecraft:fall_one_cm":629,"minecraft:fly_one_cm":6173}},"DataVersion":3953}