{"stats":{"minecraft:killed":{"minecraft:sheep":10,"minecraft:spider":3,"minecraft:zombie":5,"minecraft:pig":7,"minecraft:chicken":2},"minecraft:mined":{"minecraft:short_grass":8,"minecraft:grass_block":9,"minecraft:dirt":8,"minecraft:tall_grass":1},"minecraft:custom":{"minecraft:crouch_one_cm":113,"minecraft:time_since_rest":9311,"minecraft:deaths":1,"minecraft:sprint_one_cm":27547,"minecraft:play_time":18445,"minecraft:damage_taken":315,"minecraft:walk_one_cm":33542,"minecraft:sneak_time":53,"minecraft:mob_kills":27,"minecraft:jump":607,"minecraft:damage_dealt":3233,"minecraft:leave_game":2,"minecraft:time_since_death":9273,"minecraft:total_world_time":18445,"minecraft:fall_one_cm":14411,"minecraft:fly_one_cm":91643},"minecraft:killed_by":{"minecraft:skeleton":1},"minecraft:picked_up":{"minecraft:feather":4,"minecraft:chicken":2,"minecraft:rotten_flesh":5,"minecraft:wheat_seeds":2,"minecraft:porkchop":16,"minecraft:light_gray_wool":1,"minecraft:mutton":15,"minecraft:dirt":31,"minecraft:white_wool":9,"minecraft:string":2},"minecraft:used":{"minecraft:netherite_sword":39,"minecraft:dirt":13}},"DataVersion":3953}