{"stats":{"minecraft:killed":{"minecraft:sheep":8,"minecraft:spider":3,"minecraft:zombie":5,"minecraft:pig":7,"minecraft:chicken":2},"minecraft:mined":{"minecraft:short_grass":2,"minecraft:grass_block":8,"minecraft:dirt":8,"minecraft:tall_grass":1},"minecraft:custom":{"minecraft:time_since_rest":3405,"minecraft:deaths":1,"minecraft:sprint_one_cm":24458,"minecraft:play_time":12539,"minecraft:damage_taken":305,"minecraft:walk_one_cm":28359,"minecraft:mob_kills":25,"minecraft:jump":515,"minecraft:damage_dealt":3048,"minecraft:leave_game":1,"minecraft:time_since_death":3367,"minecraft:total_world_time":12539,"minecraft:fall_one_cm":11870,"minecraft:fly_one_cm":82396},"minecraft:killed_by":{"minecraft:skeleton":1},"minecraft:picked_up":{"minecraft:feather":4,"minecraft:chicken":2,"minecraft:rotten_flesh":5,"minecraft:porkchop":16,"minecraft:light_gray_wool":1,"minecraft:mutton":13,"minecraft:dirt":30,"minecraft:white_wool":7,"minecraft:string":2},"minecraft:used":{"minecraft:netherite_sword":39,"minecraft:dirt":12}},"DataVersion":3953}