{"stats":{"minecraft:picked_up":{"minecraft:filled_map":1,"minecraft:sand":1,"minecraft:spruce_log":3,"minecraft:dirt":2,"minecraft:paper":19},"minecraft:used":{"minecraft:sand":1,"minecraft:spruce_log":3},"minecraft:mined":{"minecraft:grass_block":1,"minecraft:sand":1,"minecraft:ice":7,"minecraft:spruce_log":3},"minecraft:custom":{"minecraft:time_since_rest":1657,"minecraft:open_chest":1,"minecraft:crouch_one_cm":434,"minecraft:play_time":11049,"minecraft:sprint_one_cm":15786,"minecraft:deaths":1,"minecraft:damage_taken":240,"minecraft:walk_one_cm":9033,"minecraft:sneak_time":140,"minecraft:walk_under_water_one_cm":1040,"minecraft:jump":237,"minecraft:leave_game":1,"minecraft:time_since_death":1625,"minecraft:walk_on_water_one_cm":1058,"minecraft:total_world_time":11049,"minecraft:fall_one_cm":6268,"minecraft:fly_one_cm":65012}},"DataVersion":3953}