{"stats":{"minecraft:custom":{"minecraft:interact_with_furnace":27,"minecraft:mob_kills":19,"minecraft:interact_with_crafting_table":9,"minecraft:tune_noteblock":3,"minecraft:leave_game":13,"minecraft:time_since_death":79295,"minecraft:time_since_rest":79326,"minecraft:sprint_one_cm":100947,"minecraft:damage_taken":596,"minecraft:walk_one_cm":195119,"minecraft:drop":18,"minecraft:damage_dealt":2784,"minecraft:fly_one_cm":106152,"minecraft:crouch_one_cm":4010,"minecraft:play_time":130062,"minecraft:deaths":2,"minecraft:sneak_time":1465,"minecraft:boat_one_cm":3422,"minecraft:jump":1597,"minecraft:walk_on_water_one_cm":941,"minecraft:total_world_time":130062,"minecraft:fall_one_cm":31479},"minecraft:dropped":{"minecraft:note_block":1,"minecraft:oak_trapdoor":1,"minecraft:obsidian":1,"minecraft:rotten_flesh":4,"minecraft:comparator":1,"minecraft:leather":2,"minecraft:flint_and_steel":1,"minecraft:dirt":1,"minecraft:redstone_torch":1,"minecraft:birch_boat":1,"minecraft:powered_rail":1,"minecraft:redstone":3},"minecraft:killed":{"minecraft:witch":1,"minecraft:spider":2,"minecraft:creeper":1,"minecraft:sheep":6,"minecraft:skeleton":2,"minecraft:zombie":3,"minecraft:cow":4},"minecraft:picked_up":{"minecraft:birch_log":13,"minecraft:crafting_table":2,"minecraft:andesite":24,"minecraft:leather":2,"minecraft:gunpowder":2,"minecraft:dirt":35,"minecraft:string":2,"minecraft:oak_trapdoor":1,"minecraft:flint_and_steel":1,"minecraft:bone":3,"minecraft:comparator":1,"minecraft:beef":11,"minecraft:redstone_torch":1,"minecraft:glass_bottle":2,"minecraft:powered_rail":1,"minecraft:furnace":2,"minecraft:raw_iron":7,"minecraft:birch_boat":2,"minecraft:note_block":1,"minecraft:dripstone_block":2,"minecraft:gravel":1,"minecraft:redstone":13,"minecraft:arrow":4,"minecraft:sugar":2,"minecraft:rotten_flesh":5,"minecraft:gray_wool":1,"minecraft:mutton":7,"minecraft:obsidian":1,"minecraft:coal":5,"minecraft:white_wool":4,"minecraft:cobblestone":47},"minecraft:used":{"minecraft:cooked_mutton":3,"minecraft:oak_trapdoor":1,"minecraft:flint_and_steel":3,"minecraft:stone_pickaxe":62,"minecraft:redstone":6,"minecraft:powered_rail":3,"minecraft:wooden_pickaxe":22,"minecraft:birch_boat":1,"minecraft:dirt":16,"minecraft:comparator":1,"minecraft:crafting_table":2,"minecraft:note_block":2,"minecraft:obsidian":16,"minecraft:redstone_torch":2,"minecraft:grass_block":14,"minecraft:stone_axe":42,"minecraft:cobblestone":3,"minecraft:furnace":3,"minecraft:birch_log":1,"minecraft:cooked_beef":4},"minecraft:mined":{"minecraft:crafting_table":2,"minecraft:short_grass":2,"minecraft:grass_block":15,"minecraft:furnace":2,"minecraft:birch_log":13,"minecraft:iron_ore":6,"minecraft:birch_leaves":12,"minecraft:andesite":24,"minecraft:pointed_dripstone":1,"minecraft:coal_ore":4,"minecraft:dirt":24,"minecraft:gravel":1,"minecraft:dripstone_block":2,"minecraft:stone":44},"minecraft:crafted":{"minecraft:cooked_beef":4,"minecraft:crafting_table":1,"minecraft:birch_boat":1,"minecraft:wooden_pickaxe":1,"minecraft:furnace":1,"minecraft:bucket":1,"minecraft:birch_planks":48,"minecraft:stone_axe":1,"minecraft:cooked_mutton":7,"minecraft:air":0,"minecraft:shield":1,"minecraft:stick":8,"minecraft:iron_ingot":8,"minecraft:iron_pickaxe":1,"minecraft:stone_pickaxe":1}},"DataVersion":3953}