{"stats":{"minecraft:mined":{"minecraft:tuff":6,"minecraft:deepslate_diamond_ore":16,"minecraft:clay":8,"minecraft:obsidian":9,"minecraft:crafting_table":5,"minecraft:short_grass":2,"minecraft:grass_block":15,"minecraft:cobblestone":1,"minecraft:furnace":3,"minecraft:birch_log":13,"minecraft:iron_ore":8,"minecraft:andesite":24,"minecraft:birch_leaves":12,"minecraft:deepslate_lapis_ore":1,"minecraft:pointed_dripstone":1,"minecraft:coal_ore":4,"minecraft:dirt":25,"minecraft:gravel":1,"minecraft:dripstone_block":2,"minecraft:stone":50,"minecraft:deepslate":44},"minecraft:used":{"minecraft:oak_trapdoor":1,"minecraft:cooked_mutton":7,"minecraft:water_bucket":6,"minecraft:flint_and_steel":3,"minecraft:stone_pickaxe":113,"minecraft:powered_rail":3,"minecraft:redstone":6,"minecraft:shield":38,"minecraft:wooden_pickaxe":22,"minecraft:birch_boat":1,"minecraft:rotten_flesh":8,"minecraft:dirt":30,"minecraft:comparator":1,"minecraft:crafting_table":5,"minecraft:note_block":2,"minecraft:obsidian":16,"minecraft:redstone_torch":2,"minecraft:diamond_pickaxe":13,"minecraft:iron_axe":19,"minecraft:grass_block":14,"minecraft:iron_pickaxe":22,"minecraft:stone_axe":73,"minecraft:diamond_chestplate":1,"minecraft:cobblestone":15,"minecraft:furnace":4,"minecraft:bucket":7,"minecraft:birch_log":1,"minecraft:cooked_beef":4,"minecraft:cobbled_deepslate":17},"minecraft:picked_up":{"minecraft:birch_log":13,"minecraft:crafting_table":5,"minecraft:clay_ball":8,"minecraft:birch_slab":4,"minecraft:andesite":24,"minecraft:leather":2,"minecraft:tuff":5,"minecraft:lapis_lazuli":6,"minecraft:gunpowder":2,"minecraft:dirt":36,"minecraft:string":2,"minecraft:oak_trapdoor":1,"minecraft:flint_and_steel":1,"minecraft:bone":7,"minecraft:cobbled_deepslate":45,"minecraft:comparator":1,"minecraft:beef":11,"minecraft:redstone_torch":1,"minecraft:glass_bottle":2,"minecraft:powered_rail":1,"minecraft:furnace":3,"minecraft:raw_iron":9,"minecraft:birch_boat":2,"minecraft:note_block":1,"minecraft:dripstone_block":2,"minecraft:gravel":1,"minecraft:redstone":13,"minecraft:arrow":13,"minecraft:rotten_flesh":12,"minecraft:sugar":2,"minecraft:diamond":17,"minecraft:gray_wool":1,"minecraft:obsidian":10,"minecraft:mutton":7,"minecraft:coal":5,"minecraft:white_wool":4,"minecraft:cobblestone":54},"minecraft:broken":{"minecraft:stone_axe":1},"minecraft:killed":{"minecraft:witch":1,"minecraft:spider":4,"minecraft:creeper":1,"minecraft:sheep":6,"minecraft:skeleton":11,"minecraft:zombie":13,"minecraft:cow":4},"minecraft:dropped":{"minecraft:note_block":1,"minecraft:oak_trapdoor":1,"minecraft:obsidian":1,"minecraft:rotten_flesh":4,"minecraft:comparator":1,"minecraft:leather":2,"minecraft:flint_and_steel":1,"minecraft:dirt":1,"minecraft:redstone_torch":1,"minecraft:birch_boat":1,"minecraft:powered_rail":1,"minecraft:redstone":3},"minecraft:crafted":{"minecraft:cooked_beef":4,"minecraft:crafting_table":1,"minecraft:birch_boat":1,"minecraft:wooden_pickaxe":1,"minecraft:birch_slab":6,"minecraft:furnace":2,"minecraft:bucket":1,"minecraft:birch_planks":48,"minecraft:stone_axe":1,"minecraft:cooked_mutton":7,"minecraft:air":0,"minecraft:diamond_pickaxe":1,"minecraft:shield":1,"minecraft:iron_axe":1,"minecraft:stick":12,"minecraft:iron_ingot":10,"minecraft:iron_pickaxe":1,"minecraft:stone_pickaxe":1,"minecraft:diamond_chestplate":1},"minecraft:custom":{"minecraft:interact_with_furnace":30,"minecraft:mob_kills":41,"minecraft:interact_with_crafting_table":21,"minecraft:tune_noteblock":3,"minecraft:leave_game":13,"minecraft:time_since_death":113776,"minecraft:time_since_rest":113807,"minecraft:sprint_one_cm":172592,"minecraft:damage_taken":1219,"minecraft:walk_one_cm":292161,"minecraft:damage_blocked_by_shield":1129,"minecraft:drop":18,"minecraft:damage_dealt":6732,"minecraft:fly_one_cm":166340,"minecraft:crouch_one_cm":7572,"minecraft:play_time":164543,"minecraft:deaths":2,"minecraft:sneak_time":3316,"minecraft:boat_one_cm":3422,"minecraft:jump":2203,"minecraft:walk_on_water_one_cm":8729,"minecraft:total_world_time":164543,"minecraft:fall_one_cm":42551}},"DataVersion":3953}