{"stats":{"minecraft:killed":{"minecraft:witch":1,"minecraft:spider":4,"minecraft:creeper":1,"minecraft:sheep":6,"minecraft:skeleton":13,"minecraft:zombie":14,"minecraft:player":1,"minecraft:cow":4},"minecraft:custom":{"minecraft:interact_with_furnace":31,"minecraft:mob_kills":44,"minecraft:interact_with_crafting_table":23,"minecraft:tune_noteblock":3,"minecraft:leave_game":14,"minecraft:time_since_death":9401,"minecraft:sleep_in_bed":1,"minecraft:climb_one_cm":1156,"minecraft:time_since_rest":9441,"minecraft:sprint_one_cm":226189,"minecraft:damage_taken":1927,"minecraft:walk_one_cm":380009,"minecraft:damage_blocked_by_shield":1605,"minecraft:drop":18,"minecraft:damage_dealt":7924,"minecraft:swim_one_cm":15647,"minecraft:player_kills":1,"minecraft:fly_one_cm":240026,"minecraft:open_chest":3,"minecraft:crouch_one_cm":12413,"minecraft:play_time":194818,"minecraft:sneak_time":8355,"minecraft:deaths":5,"minecraft:walk_under_water_one_cm":10384,"minecraft:boat_one_cm":48889,"minecraft:jump":2789,"minecraft:walk_on_water_one_cm":10993,"minecraft:total_world_time":194818,"minecraft:fall_one_cm":51799},"minecraft:crafted":{"minecraft:cooked_beef":4,"minecraft:crafting_table":1,"minecraft:birch_boat":1,"minecraft:wooden_pickaxe":1,"minecraft:birch_slab":6,"minecraft:furnace":2,"minecraft:bucket":1,"minecraft:birch_planks":48,"minecraft:stone_axe":1,"minecraft:bread":51,"minecraft:cooked_mutton":7,"minecraft:air":0,"minecraft:diamond_leggings":1,"minecraft:diamond_pickaxe":1,"minecraft:shield":1,"minecraft:iron_axe":1,"minecraft:stick":12,"minecraft:iron_ingot":10,"minecraft:iron_pickaxe":1,"minecraft:stone_pickaxe":1,"minecraft:wheat":153,"minecraft:diamond_chestplate":1},"minecraft:used":{"minecraft:oak_trapdoor":1,"minecraft:beetroot":4,"minecraft:cooked_mutton":7,"minecraft:water_bucket":7,"minecraft:flint_and_steel":3,"minecraft:powered_rail":3,"minecraft:stone_pickaxe":129,"minecraft:redstone":6,"minecraft:wooden_pickaxe":22,"minecraft:birch_boat":2,"minecraft:shield":50,"minecraft:rotten_flesh":8,"minecraft:sand":1,"minecraft:dirt":39,"minecraft:comparator":1,"minecraft:crafting_table":6,"minecraft:carrot":7,"minecraft:note_block":2,"minecraft:obsidian":16,"minecraft:redstone_torch":2,"minecraft:diamond_pickaxe":13,"minecraft:bread":1,"minecraft:iron_axe":35,"minecraft:grass_block":14,"minecraft:iron_pickaxe":131,"minecraft:cobblestone":29,"minecraft:stone_axe":73,"minecraft:diamond_chestplate":2,"minecraft:bow":8,"minecraft:furnace":4,"minecraft:bucket":8,"minecraft:birch_log":1,"minecraft:diamond_leggings":1,"minecraft:cooked_beef":4,"minecraft:cobbled_deepslate":68},"minecraft:broken":{"minecraft:stone_axe":1},"minecraft:mined":{"minecraft:tuff":6,"minecraft:deepslate_diamond_ore":18,"minecraft:clay":10,"minecraft:obsidian":9,"minecraft:crafting_table":5,"minecraft:granite":8,"minecraft:short_grass":4,"minecraft:grass_block":16,"minecraft:tall_grass":3,"minecraft:cobblestone":1,"minecraft:deepslate_gold_ore":8,"minecraft:diorite":2,"minecraft:hay_block":17,"minecraft:furnace":3,"minecraft:carrots":3,"minecraft:birch_log":13,"minecraft:iron_ore":8,"minecraft:birch_leaves":12,"minecraft:andesite":24,"minecraft:deepslate_lapis_ore":1,"minecraft:pointed_dripstone":1,"minecraft:coal_ore":4,"minecraft:sand":1,"minecraft:gravel":1,"minecraft:dripstone_block":2,"minecraft:dirt":27,"minecraft:stone":112,"minecraft:deepslate":87},"minecraft:dropped":{"minecraft:note_block":1,"minecraft:oak_trapdoor":1,"minecraft:obsidian":1,"minecraft:rotten_flesh":4,"minecraft:comparator":1,"minecraft:leather":2,"minecraft:flint_and_steel":1,"minecraft:dirt":1,"minecraft:redstone_torch":1,"minecraft:birch_boat":1,"minecraft:powered_rail":1,"minecraft:redstone":3},"minecraft:picked_up":{"minecraft:birch_log":13,"minecraft:crafting_table":8,"minecraft:clay_ball":160,"minecraft:birch_slab":16,"minecraft:water_bucket":3,"minecraft:andesite":24,"minecraft:leather":2,"minecraft:birch_planks":63,"minecraft:tuff":20,"minecraft:shield":3,"minecraft:gunpowder":8,"minecraft:string":8,"minecraft:lapis_lazuli":24,"minecraft:oak_trapdoor":1,"minecraft:dirt":48,"minecraft:iron_axe":3,"minecraft:flint_and_steel":1,"minecraft:bone":40,"minecraft:beetroot":4,"minecraft:bow":3,"minecraft:comparator":1,"minecraft:cobbled_deepslate":148,"minecraft:raw_gold":32,"minecraft:beef":11,"minecraft:stone_pickaxe":3,"minecraft:redstone_torch":1,"minecraft:iron_pickaxe":3,"minecraft:glass_bottle":4,"minecraft:powered_rail":1,"minecraft:furnace":6,"minecraft:raw_iron":9,"minecraft:birch_boat":6,"minecraft:dripstone_block":8,"minecraft:note_block":1,"minecraft:gravel":3,"minecraft:sand":1,"minecraft:diorite":8,"minecraft:carrot":12,"minecraft:redstone":37,"minecraft:arrow":55,"minecraft:rotten_flesh":12,"minecraft:diamond_chestplate":3,"minecraft:sugar":4,"minecraft:diamond":35,"minecraft:hay_block":17,"minecraft:granite":24,"minecraft:gray_wool":4,"minecraft:cobblestone":257,"minecraft:obsidian":37,"minecraft:mutton":7,"minecraft:coal":5,"minecraft:white_wool":16,"minecraft:diamond_pickaxe":3,"minecraft:oxeye_daisy":1},"minecraft:killed_by":{"minecraft:player":2}},"DataVersion":3953}