{"stats":{"minecraft:mined":{"minecraft:tuff":6,"minecraft:deepslate_diamond_ore":18,"minecraft:clay":10,"minecraft:obsidian":9,"minecraft:crafting_table":5,"minecraft:granite":8,"minecraft:short_grass":2,"minecraft:grass_block":16,"minecraft:cobblestone":1,"minecraft:deepslate_gold_ore":8,"minecraft:diorite":2,"minecraft:furnace":3,"minecraft:birch_log":13,"minecraft:iron_ore":8,"minecraft:andesite":24,"minecraft:birch_leaves":12,"minecraft:deepslate_lapis_ore":1,"minecraft:pointed_dripstone":1,"minecraft:coal_ore":4,"minecraft:sand":1,"minecraft:dirt":27,"minecraft:gravel":1,"minecraft:dripstone_block":2,"minecraft:stone":112,"minecraft:deepslate":87},"minecraft:used":{"minecraft:oak_trapdoor":1,"minecraft:cooked_mutton":7,"minecraft:water_bucket":6,"minecraft:flint_and_steel":3,"minecraft:stone_pickaxe":129,"minecraft:powered_rail":3,"minecraft:redstone":6,"minecraft:shield":38,"minecraft:wooden_pickaxe":22,"minecraft:birch_boat":2,"minecraft:rotten_flesh":8,"minecraft:dirt":39,"minecraft:sand":1,"minecraft:comparator":1,"minecraft:crafting_table":5,"minecraft:note_block":2,"minecraft:obsidian":16,"minecraft:redstone_torch":2,"minecraft:diamond_pickaxe":13,"minecraft:iron_axe":19,"minecraft:grass_block":14,"minecraft:iron_pickaxe":131,"minecraft:stone_axe":73,"minecraft:diamond_chestplate":1,"minecraft:cobblestone":15,"minecraft:furnace":4,"minecraft:bucket":7,"minecraft:birch_log":1,"minecraft:cooked_beef":4,"minecraft:cobbled_deepslate":68},"minecraft:picked_up":{"minecraft:birch_log":13,"minecraft:crafting_table":6,"minecraft:clay_ball":80,"minecraft:water_bucket":1,"minecraft:birch_slab":8,"minecraft:andesite":24,"minecraft:leather":2,"minecraft:birch_planks":21,"minecraft:tuff":10,"minecraft:shield":1,"minecraft:lapis_lazuli":12,"minecraft:gunpowder":4,"minecraft:dirt":45,"minecraft:string":4,"minecraft:oak_trapdoor":1,"minecraft:iron_axe":1,"minecraft:flint_and_steel":1,"minecraft:bone":14,"minecraft:raw_gold":16,"minecraft:cobbled_deepslate":108,"minecraft:comparator":1,"minecraft:stone_pickaxe":1,"minecraft:beef":11,"minecraft:redstone_torch":1,"minecraft:iron_pickaxe":1,"minecraft:glass_bottle":4,"minecraft:powered_rail":1,"minecraft:furnace":4,"minecraft:raw_iron":9,"minecraft:birch_boat":3,"minecraft:note_block":1,"minecraft:dripstone_block":4,"minecraft:gravel":2,"minecraft:sand":1,"minecraft:diorite":4,"minecraft:redstone":21,"minecraft:diamond_chestplate":1,"minecraft:arrow":26,"minecraft:rotten_flesh":12,"minecraft:sugar":4,"minecraft:diamond":27,"minecraft:granite":16,"minecraft:gray_wool":2,"minecraft:obsidian":19,"minecraft:mutton":7,"minecraft:coal":5,"minecraft:white_wool":8,"minecraft:cobblestone":193,"minecraft:diamond_pickaxe":1},"minecraft:broken":{"minecraft:stone_axe":1},"minecraft:killed":{"minecraft:witch":1,"minecraft:spider":4,"minecraft:creeper":1,"minecraft:sheep":6,"minecraft:skeleton":11,"minecraft:zombie":13,"minecraft:cow":4},"minecraft:dropped":{"minecraft:note_block":1,"minecraft:oak_trapdoor":1,"minecraft:obsidian":1,"minecraft:rotten_flesh":4,"minecraft:comparator":1,"minecraft:leather":2,"minecraft:flint_and_steel":1,"minecraft:dirt":1,"minecraft:redstone_torch":1,"minecraft:birch_boat":1,"minecraft:powered_rail":1,"minecraft:redstone":3},"minecraft:crafted":{"minecraft:cooked_beef":4,"minecraft:crafting_table":1,"minecraft:birch_boat":1,"minecraft:wooden_pickaxe":1,"minecraft:birch_slab":6,"minecraft:furnace":2,"minecraft:bucket":1,"minecraft:birch_planks":48,"minecraft:stone_axe":1,"minecraft:cooked_mutton":7,"minecraft:air":0,"minecraft:diamond_pickaxe":1,"minecraft:shield":1,"minecraft:iron_axe":1,"minecraft:stick":12,"minecraft:iron_ingot":10,"minecraft:iron_pickaxe":1,"minecraft:stone_pickaxe":1,"minecraft:diamond_chestplate":1},"minecraft:custom":{"minecraft:interact_with_furnace":30,"minecraft:mob_kills":41,"minecraft:interact_with_crafting_table":21,"minecraft:tune_noteblock":3,"minecraft:leave_game":13,"minecraft:time_since_death":5250,"minecraft:time_since_rest":5301,"minecraft:sprint_one_cm":200248,"minecraft:damage_taken":1319,"minecraft:walk_one_cm":296358,"minecraft:damage_blocked_by_shield":1129,"minecraft:drop":18,"minecraft:damage_dealt":6732,"minecraft:swim_one_cm":15647,"minecraft:fly_one_cm":192002,"minecraft:crouch_one_cm":10753,"minecraft:play_time":176543,"minecraft:deaths":3,"minecraft:sneak_time":7923,"minecraft:walk_under_water_one_cm":10193,"minecraft:boat_one_cm":26900,"minecraft:jump":2394,"minecraft:walk_on_water_one_cm":10700,"minecraft:total_world_time":176543,"minecraft:fall_one_cm":46273}},"DataVersion":3953}