{"stats":{"minecraft:used":{"minecraft:oak_trapdoor":1,"minecraft:flint_and_steel":3,"minecraft:stone_pickaxe":47,"minecraft:redstone":6,"minecraft:powered_rail":3,"minecraft:wooden_pickaxe":22,"minecraft:birch_boat":1,"minecraft:dirt":14,"minecraft:comparator":1,"minecraft:crafting_table":1,"minecraft:note_block":2,"minecraft:obsidian":16,"minecraft:redstone_torch":2,"minecraft:grass_block":14,"minecraft:stone_axe":37,"minecraft:cobblestone":3,"minecraft:furnace":1,"minecraft:birch_log":1,"minecraft:cooked_beef":4},"minecraft:custom":{"minecraft:interact_with_furnace":15,"minecraft:mob_kills":17,"minecraft:interact_with_crafting_table":5,"minecraft:tune_noteblock":3,"minecraft:leave_game":12,"minecraft:time_since_death":69380,"minecraft:time_since_rest":69411,"minecraft:sprint_one_cm":92237,"minecraft:damage_taken":521,"minecraft:walk_one_cm":164391,"minecraft:drop":18,"minecraft:damage_dealt":2366,"minecraft:fly_one_cm":97557,"minecraft:crouch_one_cm":3845,"minecraft:play_time":120147,"minecraft:deaths":2,"minecraft:sneak_time":1410,"minecraft:boat_one_cm":3422,"minecraft:jump":1428,"minecraft:walk_on_water_one_cm":42,"minecraft:total_world_time":120147,"minecraft:fall_one_cm":27216},"minecraft:picked_up":{"minecraft:birch_log":13,"minecraft:crafting_table":1,"minecraft:andesite":24,"minecraft:leather":2,"minecraft:dirt":34,"minecraft:string":2,"minecraft:oak_trapdoor":1,"minecraft:flint_and_steel":1,"minecraft:bone":3,"minecraft:comparator":1,"minecraft:beef":11,"minecraft:redstone_torch":1,"minecraft:powered_rail":1,"minecraft:furnace":1,"minecraft:birch_boat":2,"minecraft:note_block":1,"minecraft:dripstone_block":2,"minecraft:gravel":1,"minecraft:redstone":5,"minecraft:arrow":4,"minecraft:rotten_flesh":5,"minecraft:gray_wool":1,"minecraft:mutton":7,"minecraft:obsidian":1,"minecraft:coal":2,"minecraft:white_wool":4,"minecraft:cobblestone":39},"minecraft:mined":{"minecraft:crafting_table":1,"minecraft:short_grass":2,"minecraft:grass_block":15,"minecraft:furnace":1,"minecraft:birch_log":13,"minecraft:birch_leaves":12,"minecraft:andesite":24,"minecraft:coal_ore":2,"minecraft:dirt":23,"minecraft:gravel":1,"minecraft:dripstone_block":2,"minecraft:stone":38},"minecraft:killed":{"minecraft:spider":2,"minecraft:sheep":6,"minecraft:skeleton":2,"minecraft:zombie":3,"minecraft:cow":4},"minecraft:dropped":{"minecraft:note_block":1,"minecraft:oak_trapdoor":1,"minecraft:obsidian":1,"minecraft:rotten_flesh":4,"minecraft:comparator":1,"minecraft:leather":2,"minecraft:flint_and_steel":1,"minecraft:dirt":1,"minecraft:redstone_torch":1,"minecraft:birch_boat":1,"minecraft:powered_rail":1,"minecraft:redstone":3},"minecraft:crafted":{"minecraft:cooked_beef":4,"minecraft:crafting_table":1,"minecraft:birch_boat":1,"minecraft:wooden_pickaxe":1,"minecraft:furnace":1,"minecraft:birch_planks":20,"minecraft:stone_axe":1,"minecraft:air":0,"minecraft:stick":8,"minecraft:stone_pickaxe":1}},"DataVersion":3953}