{"stats":{"minecraft:mined":{"minecraft:birch_log":1,"minecraft:grass_block":8,"minecraft:birch_leaves":1,"minecraft:dirt":1},"minecraft:used":{"minecraft:birch_log":1,"minecraft:dirt":8},"minecraft:custom":{"minecraft:jump":296,"minecraft:leave_game":5,"minecraft:crouch_one_cm":233,"minecraft:play_time":20172,"minecraft:sprint_one_cm":23007,"minecraft:damage_taken":70,"minecraft:time_since_death":20172,"minecraft:walk_one_cm":18165,"minecraft:sneak_time":90,"minecraft:total_world_time":20172,"minecraft:fall_one_cm":7351,"minecraft:fly_one_cm":34746,"minecraft:time_since_rest":20172},"minecraft:picked_up":{"minecraft:birch_log":1,"minecraft:dirt":8}},"DataVersion":3953}