{"stats":{"minecraft:mined":{"minecraft:birch_log":1,"minecraft:grass_block":6},"minecraft:picked_up":{"minecraft:birch_log":1,"minecraft:dirt":6},"minecraft:used":{"minecraft:birch_log":1,"minecraft:dirt":6},"minecraft:custom":{"minecraft:jump":176,"minecraft:leave_game":2,"minecraft:crouch_one_cm":224,"minecraft:play_time":9424,"minecraft:sprint_one_cm":14570,"minecraft:damage_taken":70,"minecraft:time_since_death":9424,"minecraft:walk_one_cm":9992,"minecraft:sneak_time":79,"minecraft:total_world_time":9424,"minecraft:fall_one_cm":4785,"minecraft:fly_one_cm":24385,"minecraft:time_since_rest":9424}},"DataVersion":3953}